-- phpMyAdmin SQL Dump
-- version 4.9.0.1
-- https://www.phpmyadmin.net/
--
-- Host: localhost
-- Generation Time: Jul 29, 2019 at 10:24 PM
-- Server version: 10.3.15-MariaDB
-- PHP Version: 7.3.6

SET SQL_MODE = "NO_AUTO_VALUE_ON_ZERO";
SET AUTOCOMMIT = 0;
START TRANSACTION;
SET time_zone = "+00:00";


/*!40101 SET @OLD_CHARACTER_SET_CLIENT=@@CHARACTER_SET_CLIENT */;
/*!40101 SET @OLD_CHARACTER_SET_RESULTS=@@CHARACTER_SET_RESULTS */;
/*!40101 SET @OLD_COLLATION_CONNECTION=@@COLLATION_CONNECTION */;
/*!40101 SET NAMES utf8mb4 */;

--
-- Database: `eapi`
--

-- --------------------------------------------------------

--
-- Table structure for table `migrations`
--

CREATE TABLE `migrations` (
  `id` int(10) UNSIGNED NOT NULL,
  `migration` varchar(255) COLLATE utf8mb4_unicode_ci NOT NULL,
  `batch` int(11) NOT NULL
) ENGINE=InnoDB DEFAULT CHARSET=utf8mb4 COLLATE=utf8mb4_unicode_ci;

--
-- Dumping data for table `migrations`
--

INSERT INTO `migrations` (`id`, `migration`, `batch`) VALUES
(3, '2014_10_12_000000_create_users_table', 1),
(4, '2014_10_12_100000_create_password_resets_table', 1),
(5, '2019_07_29_181045_create_products_table', 1),
(6, '2019_07_29_181146_create_reviews_table', 1);

-- --------------------------------------------------------

--
-- Table structure for table `password_resets`
--

CREATE TABLE `password_resets` (
  `email` varchar(255) COLLATE utf8mb4_unicode_ci NOT NULL,
  `token` varchar(255) COLLATE utf8mb4_unicode_ci NOT NULL,
  `created_at` timestamp NULL DEFAULT NULL
) ENGINE=InnoDB DEFAULT CHARSET=utf8mb4 COLLATE=utf8mb4_unicode_ci;

-- --------------------------------------------------------

--
-- Table structure for table `products`
--

CREATE TABLE `products` (
  `id` int(10) UNSIGNED NOT NULL,
  `name` varchar(255) COLLATE utf8mb4_unicode_ci NOT NULL,
  `detail` text COLLATE utf8mb4_unicode_ci NOT NULL,
  `price` int(11) NOT NULL,
  `stock` int(11) NOT NULL,
  `discount` int(11) NOT NULL,
  `created_at` timestamp NULL DEFAULT NULL,
  `updated_at` timestamp NULL DEFAULT NULL
) ENGINE=InnoDB DEFAULT CHARSET=utf8mb4 COLLATE=utf8mb4_unicode_ci;

--
-- Dumping data for table `products`
--

INSERT INTO `products` (`id`, `name`, `detail`, `price`, `stock`, `discount`, `created_at`, `updated_at`) VALUES
(1, 'accusantium', 'Error voluptatem odit qui quod. Atque corrupti iste maxime sint. Qui veniam laborum eveniet assumenda maiores laborum ducimus laudantium.', 301, 1, 12, '2019-07-30 00:00:17', '2019-07-30 00:00:17'),
(2, 'sapiente', 'Aperiam optio in et pariatur quod. Nemo aliquid error impedit vel harum perspiciatis. Aliquam vitae explicabo perspiciatis deleniti repudiandae magnam ad. Nam nihil unde pariatur omnis nihil quis.', 522, 1, 3, '2019-07-30 00:00:18', '2019-07-30 00:00:18'),
(3, 'rerum', 'Repellat distinctio tempora atque consequatur est. Autem consequuntur dolore debitis et. Quia adipisci pariatur qui quaerat et qui. Et assumenda omnis et totam consequuntur vel.', 120, 1, 19, '2019-07-30 00:00:18', '2019-07-30 00:00:18'),
(4, 'reiciendis', 'Laborum qui et quod. Aliquam in porro saepe saepe earum soluta ullam. Nobis sed dolor et magni molestiae optio. Est ab vel ex minus officia.', 303, 9, 13, '2019-07-30 00:00:18', '2019-07-30 00:00:18'),
(5, 'ipsum', 'Libero unde quas cupiditate blanditiis. At perferendis qui illum dolores et tempore nihil. Dolorum odit ad quidem nesciunt debitis qui nostrum debitis.', 485, 6, 27, '2019-07-30 00:00:18', '2019-07-30 00:00:18'),
(6, 'velit', 'Minima et cum ut officiis ut quas. Dolor impedit rerum hic earum vero. Voluptate ea qui odit sunt quam consequatur. Saepe facilis dolor quis est mollitia neque.', 645, 5, 20, '2019-07-30 00:00:19', '2019-07-30 00:00:19'),
(7, 'omnis', 'Delectus ut non nesciunt velit quo quos repellat. Cum quo pariatur omnis eius. Vitae laborum excepturi odio quis provident. Doloremque quam rerum consequatur iste alias voluptatem.', 832, 6, 25, '2019-07-30 00:00:19', '2019-07-30 00:00:19'),
(8, 'quaerat', 'Qui ut et quam eligendi at quas nemo. Nihil voluptatem hic ea deleniti. Ipsa veritatis saepe sit consequatur quis.', 201, 7, 13, '2019-07-30 00:00:19', '2019-07-30 00:00:19'),
(9, 'quaerat', 'Est ut modi impedit earum. Vel ducimus repellendus perspiciatis quisquam. Molestias cumque impedit ducimus rem tempora autem a iure.', 134, 0, 7, '2019-07-30 00:00:19', '2019-07-30 00:00:19'),
(10, 'quam', 'Neque suscipit voluptates rerum qui nam. Cumque modi incidunt iure nulla. Sit aliquid ut voluptas sed.', 348, 9, 18, '2019-07-30 00:00:19', '2019-07-30 00:00:19'),
(11, 'ut', 'Molestias id rerum ipsum aliquam facere molestiae ea. Maxime inventore et temporibus earum id. Minima accusamus est possimus labore aut labore optio.', 200, 1, 10, '2019-07-30 00:00:19', '2019-07-30 00:00:19'),
(12, 'est', 'Omnis eos recusandae ab eius ut eum quam. Quod sed nulla culpa aperiam. Et ipsa molestiae porro adipisci et. Sequi iste dolore vel molestiae.', 268, 6, 10, '2019-07-30 00:00:19', '2019-07-30 00:00:19'),
(13, 'repellat', 'Nobis dolorum amet impedit et nam enim odio. Perspiciatis harum quam similique ut inventore. Non esse corporis est illo. Et architecto quo voluptatem aliquam perspiciatis.', 314, 3, 5, '2019-07-30 00:00:20', '2019-07-30 00:00:20'),
(14, 'doloremque', 'Occaecati tenetur dicta dolores veniam placeat distinctio blanditiis. Nobis et dolor odio cum. Nam aliquam id rem sit quo. Inventore ab incidunt fugit consectetur voluptas quia quo.', 260, 0, 29, '2019-07-30 00:00:20', '2019-07-30 00:00:20'),
(15, 'consequatur', 'Magnam et aut quibusdam similique. In cupiditate atque quasi molestias tempore. Ut repellendus nobis eos. Odio quas nihil inventore.', 103, 1, 22, '2019-07-30 00:00:20', '2019-07-30 00:00:20'),
(16, 'aliquid', 'Maiores quia labore eum libero tempore magnam. Qui nulla vel iure minus. Mollitia delectus voluptate sint voluptatem accusamus voluptas saepe. Incidunt cum commodi culpa debitis. Laborum qui recusandae voluptatum commodi.', 777, 1, 23, '2019-07-30 00:00:20', '2019-07-30 00:00:20'),
(17, 'vel', 'Laboriosam quos blanditiis sed voluptatem animi deleniti est fugit. Sed voluptatem nulla molestiae consequatur.', 599, 7, 15, '2019-07-30 00:00:21', '2019-07-30 00:00:21'),
(18, 'tempore', 'Nihil eveniet magni qui. Quaerat enim dolor autem aliquam aliquid voluptates. Est beatae reprehenderit nihil facilis.', 773, 5, 21, '2019-07-30 00:00:21', '2019-07-30 00:00:21'),
(19, 'eos', 'Molestiae magnam est tempore est mollitia quas. Impedit rerum dignissimos dolorum atque. Mollitia ea et voluptatem sunt pariatur dolorem. Reprehenderit blanditiis omnis deserunt aut.', 168, 7, 17, '2019-07-30 00:00:21', '2019-07-30 00:00:21'),
(20, 'quia', 'Minima repudiandae qui unde labore officiis vitae cum. Illum vel error tempora sunt voluptatem animi dolorum. Doloremque eveniet aperiam fugit nam nulla. Facilis sit sunt quo voluptate ratione ullam harum. Facere aut aspernatur earum accusantium esse.', 189, 4, 3, '2019-07-30 00:00:21', '2019-07-30 00:00:21'),
(21, 'eius', 'Quas alias at inventore maxime atque. Vitae nihil aperiam sunt fuga. Est qui ducimus vel quae vel distinctio animi.', 802, 5, 30, '2019-07-30 00:00:21', '2019-07-30 00:00:21'),
(22, 'ea', 'Inventore nihil corporis officiis non eum nostrum quia. Nulla ratione sit voluptas voluptatum. Est sapiente sapiente repellendus voluptates omnis molestiae. Et nostrum est provident fuga fuga consequatur nemo.', 815, 2, 21, '2019-07-30 00:00:21', '2019-07-30 00:00:21'),
(23, 'quis', 'Harum unde omnis dolorem. Dolore et nam ipsa qui aut et ea. Fuga sequi excepturi voluptas consequatur perspiciatis eos quis.', 529, 5, 8, '2019-07-30 00:00:22', '2019-07-30 00:00:22'),
(24, 'minima', 'Id qui ullam quidem accusantium aut. Sequi sit qui corporis incidunt dolor commodi facere atque. Velit quia sunt doloremque ut quas distinctio. Labore et omnis quaerat et.', 961, 4, 11, '2019-07-30 00:00:22', '2019-07-30 00:00:22'),
(25, 'sequi', 'Voluptatem iure et consectetur qui ut quae nostrum. Eaque reprehenderit similique aut asperiores asperiores. Quas cum velit voluptas non eum iste voluptatem non.', 158, 6, 27, '2019-07-30 00:00:22', '2019-07-30 00:00:22'),
(26, 'molestiae', 'Autem aut corporis labore dolores et. Possimus rerum fugiat adipisci quia quas laborum. Et voluptas ullam ea voluptatem deleniti eos. Odit consequatur corrupti molestiae est velit.', 794, 8, 20, '2019-07-30 00:00:22', '2019-07-30 00:00:22'),
(27, 'aut', 'Magnam est et corrupti est rerum. Quisquam ipsam assumenda repellendus ea et qui et. Quae in velit eum ut.', 579, 1, 9, '2019-07-30 00:00:22', '2019-07-30 00:00:22'),
(28, 'suscipit', 'Vel quae et dolor voluptatem impedit est. Molestiae quos non blanditiis voluptatem ut ea. Est minima quia in vero fuga atque a.', 990, 0, 10, '2019-07-30 00:00:23', '2019-07-30 00:00:23'),
(29, 'repellat', 'Aut quo quia officiis. Minima ut assumenda incidunt unde. Id voluptates neque sed laborum suscipit odio incidunt a. Aliquid sequi debitis occaecati eum.', 694, 1, 19, '2019-07-30 00:00:23', '2019-07-30 00:00:23'),
(30, 'odit', 'Consequatur a sed debitis perferendis soluta eum. Eum reprehenderit atque laboriosam sit aliquid provident ea voluptatem. Blanditiis rem nam voluptatem quae.', 598, 3, 25, '2019-07-30 00:00:23', '2019-07-30 00:00:23'),
(31, 'unde', 'Illum dolores distinctio quis dolorum doloribus quia rerum. Corrupti voluptate nisi corporis esse fugiat sit quo. Reprehenderit explicabo ipsam est reiciendis voluptatem.', 331, 8, 6, '2019-07-30 00:00:23', '2019-07-30 00:00:23'),
(32, 'eos', 'Illum nemo voluptas dolores minus non aliquid. Eum et recusandae sint qui. Explicabo ad blanditiis reprehenderit eaque perspiciatis est. Praesentium iste aut corporis nostrum odio non.', 229, 3, 9, '2019-07-30 00:00:24', '2019-07-30 00:00:24'),
(33, 'commodi', 'Consequuntur a et mollitia quia et. Et dicta velit nostrum nisi ipsum. Omnis sunt quo deserunt repudiandae omnis occaecati cum. Dolor fugiat iusto nemo deserunt eligendi possimus.', 725, 2, 11, '2019-07-30 00:00:24', '2019-07-30 00:00:24'),
(34, 'autem', 'Ab debitis sint impedit distinctio qui aut pariatur. Rerum sunt dolor officiis deserunt facilis et velit. Sequi corrupti nobis sint itaque odit tempore ut. Eos officia voluptas et sed.', 458, 9, 18, '2019-07-30 00:00:24', '2019-07-30 00:00:24'),
(35, 'dolorum', 'Et sint vero deleniti eos reprehenderit. Et id et eius possimus accusamus. Cupiditate et qui vero voluptas officiis sequi molestias.', 525, 6, 20, '2019-07-30 00:00:24', '2019-07-30 00:00:24'),
(36, 'est', 'Veniam explicabo minus recusandae. Blanditiis repellat ipsam voluptatibus distinctio dolorum vero dicta. Numquam quia repellat atque recusandae.', 774, 9, 12, '2019-07-30 00:00:24', '2019-07-30 00:00:24'),
(37, 'blanditiis', 'Est soluta similique veritatis ea sit. Et et sit saepe officiis modi velit. Dolorem cum qui est distinctio.', 715, 1, 2, '2019-07-30 00:00:24', '2019-07-30 00:00:24'),
(38, 'eos', 'Ad mollitia asperiores iste voluptatem nulla. Dolores aut maiores autem debitis repellendus. Velit voluptates fugit temporibus. Amet tenetur doloribus perspiciatis quibusdam ea sit.', 992, 0, 8, '2019-07-30 00:00:24', '2019-07-30 00:00:24'),
(39, 'dolorem', 'Facere ad illum est dolore. Dolor odit voluptas omnis animi commodi aut ratione. Sed quibusdam non debitis sed asperiores odio sint.', 857, 5, 29, '2019-07-30 00:00:25', '2019-07-30 00:00:25'),
(40, 'iusto', 'Occaecati suscipit quia magni qui expedita aliquam inventore. Aperiam cupiditate quidem quam dolorem non nemo. Eos ut sit optio nemo.', 113, 3, 22, '2019-07-30 00:00:25', '2019-07-30 00:00:25'),
(41, 'voluptatem', 'Quidem sapiente ducimus nisi esse. In molestiae aspernatur dicta corporis et. Dolore odit ex voluptas libero expedita.', 885, 2, 21, '2019-07-30 00:00:25', '2019-07-30 00:00:25'),
(42, 'vitae', 'Corporis facere nihil dolorem unde sit. Iure hic quos velit. Autem maxime tempora eos quia. Ut ea magnam non nihil rerum ullam.', 525, 1, 2, '2019-07-30 00:00:25', '2019-07-30 00:00:25'),
(43, 'ex', 'Fugiat quia autem velit. Commodi porro aut similique tempora provident est. Mollitia et nulla facilis nostrum.', 150, 0, 14, '2019-07-30 00:00:25', '2019-07-30 00:00:25'),
(44, 'exercitationem', 'Repellendus ullam exercitationem deserunt non fugit et voluptas accusantium. Saepe non id debitis consequuntur facilis. Quo tempore in et minima. Id ad magni tempora earum ipsam laborum.', 622, 3, 14, '2019-07-30 00:00:25', '2019-07-30 00:00:25'),
(45, 'modi', 'Quod cupiditate beatae qui minus dignissimos molestiae ipsum. Dolores ut quas et voluptatem a maxime. Doloribus impedit enim magnam amet ducimus omnis ea. Sit quia consequuntur delectus tempora.', 268, 5, 24, '2019-07-30 00:00:25', '2019-07-30 00:00:25'),
(46, 'expedita', 'Vitae quas earum dolores tenetur nulla. Earum impedit sint dolores magnam dolore. Quibusdam excepturi temporibus similique incidunt odio velit. Beatae dolore dolorum et. In nulla aut fugiat ipsum.', 875, 3, 7, '2019-07-30 00:00:26', '2019-07-30 00:00:26'),
(47, 'quibusdam', 'Culpa dolorem quas explicabo ab. Vel molestiae enim consequatur rem. Ipsam quidem sed labore non. Nulla quas voluptatem ea qui deleniti neque.', 270, 9, 2, '2019-07-30 00:00:26', '2019-07-30 00:00:26'),
(48, 'autem', 'Assumenda sunt sunt sit. Veritatis ut odio rem ut consequuntur quis quae.', 249, 1, 22, '2019-07-30 00:00:26', '2019-07-30 00:00:26'),
(49, 'suscipit', 'Nesciunt atque et ea eligendi accusantium. Molestias molestias sed vitae quos sint. Voluptatibus deserunt velit quaerat consequatur.', 199, 7, 13, '2019-07-30 00:00:26', '2019-07-30 00:00:26'),
(50, 'sint', 'Reprehenderit delectus ut doloremque odit. Nisi perferendis dolores ipsa nulla rerum repellat. Beatae aut possimus autem ea quos et delectus. Maxime culpa aliquid nulla eius. Corporis unde cumque omnis minus non.', 584, 4, 20, '2019-07-30 00:00:26', '2019-07-30 00:00:26'),
(51, 'sapiente', 'Mollitia quas eius maiores at ratione illo. Qui sint ipsum alias quasi molestiae quo. Quis quam id rerum laboriosam. Cumque mollitia sapiente labore sunt nulla soluta.', 831, 1, 20, '2019-07-30 00:01:19', '2019-07-30 00:01:19'),
(52, 'dolorum', 'Vitae in accusantium saepe odit. Temporibus voluptates totam eligendi sit voluptates reprehenderit. Expedita magnam unde ex nulla. Excepturi ullam sunt voluptatem consequatur.', 957, 1, 15, '2019-07-30 00:01:19', '2019-07-30 00:01:19'),
(53, 'illum', 'Perferendis id aut sint. Facere nihil voluptatem velit quo. Non tenetur iste sint veniam.', 677, 4, 25, '2019-07-30 00:01:20', '2019-07-30 00:01:20'),
(54, 'molestiae', 'Explicabo aut vitae mollitia vero minus dolorum. Aut possimus enim placeat voluptatum numquam. Eius aut magni recusandae ut adipisci autem. Placeat qui debitis eum accusamus dolore nemo. Libero doloremque non nesciunt molestias in.', 495, 2, 28, '2019-07-30 00:01:20', '2019-07-30 00:01:20'),
(55, 'voluptatem', 'Illo dolores fugiat nam rerum quaerat aut. Nulla qui itaque ut.', 510, 7, 2, '2019-07-30 00:01:20', '2019-07-30 00:01:20'),
(56, 'et', 'Voluptatum laudantium aut cum voluptatem. Mollitia id et soluta fugiat. Consequatur laboriosam earum quia dolores non provident. Quam quia eaque et quod minima. Rerum veniam animi natus rerum explicabo nobis rem.', 478, 5, 4, '2019-07-30 00:01:20', '2019-07-30 00:01:20'),
(57, 'dolores', 'Deserunt laudantium maxime neque corporis voluptatibus et est libero. Accusamus voluptatum minima quo nobis. Aut eligendi et aliquid dolore mollitia.', 310, 1, 25, '2019-07-30 00:01:20', '2019-07-30 00:01:20'),
(58, 'dolorum', 'Labore et occaecati at similique ut adipisci nesciunt dolor. Expedita omnis qui cumque non ea porro. Et vero totam aliquid qui. Nemo iste suscipit neque et.', 469, 6, 19, '2019-07-30 00:01:20', '2019-07-30 00:01:20'),
(59, 'ab', 'Consequuntur quis quam nemo unde. In fugiat laboriosam est nobis sapiente error ut. Illum accusamus aut officia ipsam dolor inventore quis.', 364, 9, 20, '2019-07-30 00:01:21', '2019-07-30 00:01:21'),
(60, 'enim', 'Voluptas ab sed sed quibusdam qui. Qui molestiae quas eos. Aut similique est quaerat eius repellendus ex.', 795, 1, 13, '2019-07-30 00:01:21', '2019-07-30 00:01:21'),
(61, 'est', 'Adipisci quis sit rerum ducimus. Quae adipisci non nam consectetur autem. Cum corporis et repudiandae et cupiditate voluptatem enim. Eaque consequatur omnis minima esse ullam nobis voluptatem ut. Eius beatae sapiente recusandae laudantium ipsum culpa.', 964, 9, 5, '2019-07-30 00:01:21', '2019-07-30 00:01:21'),
(62, 'voluptatem', 'Natus aliquam omnis optio natus at sed eum sint. Explicabo nihil qui nisi et et id quam. Voluptatem laborum sed est est. Aut vero quaerat sint ut.', 534, 2, 28, '2019-07-30 00:01:22', '2019-07-30 00:01:22'),
(63, 'at', 'Alias voluptatem iure aut molestias. Et quis at dolor excepturi cumque. Voluptas nostrum iusto sit quisquam quia blanditiis.', 669, 2, 25, '2019-07-30 00:01:22', '2019-07-30 00:01:22'),
(64, 'porro', 'Commodi culpa accusantium fuga aut. Voluptatem nihil sed et consequuntur molestiae. Animi facere voluptas voluptas atque nam. Quisquam qui qui quia fugiat.', 888, 5, 15, '2019-07-30 00:01:22', '2019-07-30 00:01:22'),
(65, 'at', 'Esse placeat voluptates eos quia rerum in. Dolor tempore voluptatum vitae odio aut numquam consectetur fuga. Sapiente ut recusandae placeat aliquid totam facere. Expedita fugit corporis sint rerum facilis est.', 411, 1, 20, '2019-07-30 00:01:22', '2019-07-30 00:01:22'),
(66, 'similique', 'Facere error ratione aliquam ut quisquam quo nesciunt. Necessitatibus omnis voluptas dolor praesentium quia. Autem minima consequatur possimus et aperiam quisquam.', 385, 8, 12, '2019-07-30 00:01:22', '2019-07-30 00:01:22'),
(67, 'tempore', 'Magni quo quos aut possimus sint. Odio est et explicabo cum. Quibusdam consectetur architecto est asperiores in aliquam. Rerum maiores fugit voluptatibus eum beatae.', 827, 6, 4, '2019-07-30 00:01:23', '2019-07-30 00:01:23'),
(68, 'in', 'Corrupti quia dolores neque vero. Placeat totam id quidem eveniet vel sed. Laborum quasi sed assumenda deserunt fugit a. Consequatur quas rerum rerum sed.', 956, 3, 19, '2019-07-30 00:01:23', '2019-07-30 00:01:23'),
(69, 'qui', 'Recusandae aut et aperiam reiciendis vel. Nulla vel unde voluptatum. Aspernatur rem adipisci rerum dolor id quibusdam.', 939, 4, 13, '2019-07-30 00:01:23', '2019-07-30 00:01:23'),
(70, 'et', 'Nesciunt fuga repudiandae sapiente nobis consequuntur magni consequatur. Facere qui quisquam ut. Veniam facilis amet deserunt qui dolor pariatur.', 331, 6, 22, '2019-07-30 00:01:23', '2019-07-30 00:01:23'),
(71, 'ratione', 'Omnis et quidem tenetur. Sequi quod et asperiores labore. Ab animi itaque aut vitae itaque sed soluta mollitia. Consequatur perspiciatis voluptatem laboriosam omnis omnis quia.', 127, 7, 27, '2019-07-30 00:01:23', '2019-07-30 00:01:23'),
(72, 'quidem', 'Ea quia non sed porro. Voluptatem quibusdam autem vel. Quis soluta necessitatibus blanditiis molestiae non. Soluta fugit voluptatem velit corporis quasi.', 649, 6, 11, '2019-07-30 00:01:23', '2019-07-30 00:01:23'),
(73, 'veritatis', 'Accusantium voluptatem itaque nostrum est impedit voluptatem. Error molestias hic enim omnis rerum consectetur neque vel. Qui cupiditate itaque itaque explicabo. Ad dolore illo sunt possimus officia.', 229, 6, 19, '2019-07-30 00:01:24', '2019-07-30 00:01:24'),
(74, 'aut', 'Qui quaerat quis tenetur tenetur nisi necessitatibus. Et fugit pariatur sit. Sed excepturi consequatur voluptate eveniet in. Blanditiis ut ullam sed voluptate.', 397, 8, 25, '2019-07-30 00:01:24', '2019-07-30 00:01:24'),
(75, 'eum', 'Sint quia dolorem dolores at corrupti rerum et. Aut vitae et est ea aut. Laudantium quae omnis minima esse rerum. Facilis et quis incidunt voluptas modi eveniet.', 799, 3, 27, '2019-07-30 00:01:24', '2019-07-30 00:01:24'),
(76, 'fugit', 'Itaque in reprehenderit quas ipsa. Iure atque et odio officia.', 147, 4, 19, '2019-07-30 00:01:25', '2019-07-30 00:01:25'),
(77, 'occaecati', 'Facilis qui et temporibus aut. Veritatis laudantium qui corporis voluptatem totam. Laborum quam iste saepe mollitia optio fuga omnis. Quidem occaecati perspiciatis beatae aliquam dignissimos vel.', 788, 5, 18, '2019-07-30 00:01:25', '2019-07-30 00:01:25'),
(78, 'necessitatibus', 'Vero quia quis molestiae doloremque sit ut. Nobis eos optio vel facere sit. Consequatur velit amet harum ut et voluptas aliquid beatae. Debitis numquam rerum facere eum.', 983, 5, 7, '2019-07-30 00:01:25', '2019-07-30 00:01:25'),
(79, 'aspernatur', 'Ullam delectus officia et laudantium. Quod aut nemo voluptatum dolor amet error quia. Aliquam amet iste voluptas aut numquam veritatis.', 198, 5, 17, '2019-07-30 00:01:25', '2019-07-30 00:01:25'),
(80, 'dolore', 'Reiciendis et repudiandae impedit voluptas in aut aut. Nam aliquid voluptas earum recusandae odio. Commodi voluptas vel ut cupiditate officiis quia.', 202, 8, 10, '2019-07-30 00:01:25', '2019-07-30 00:01:25'),
(81, 'saepe', 'Sint ipsum dolor ipsam ut voluptates ea voluptatibus iste. Ipsa id at sed hic placeat aut.', 541, 0, 8, '2019-07-30 00:01:25', '2019-07-30 00:01:25'),
(82, 'accusamus', 'Eveniet quae sed quidem. Dicta eligendi eaque in. Quo omnis ut eos quidem quia debitis. Debitis itaque non voluptatem reiciendis et.', 325, 2, 19, '2019-07-30 00:01:25', '2019-07-30 00:01:25'),
(83, 'vitae', 'Enim blanditiis animi praesentium voluptates vero nostrum et sit. Quibusdam eaque commodi est necessitatibus et neque. Laboriosam beatae assumenda ipsam quisquam aut. Quia incidunt nemo excepturi ipsum.', 872, 9, 10, '2019-07-30 00:01:25', '2019-07-30 00:01:25'),
(84, 'minima', 'Aliquam est quo qui impedit. Architecto consequatur beatae consectetur officiis atque dignissimos a voluptas. Fugiat dignissimos hic sapiente asperiores hic eveniet iste.', 459, 9, 4, '2019-07-30 00:01:26', '2019-07-30 00:01:26'),
(85, 'et', 'Amet ea consequatur ut dolorem autem magni. Ad quas sed ut consequatur quidem mollitia. Debitis est similique quisquam et.', 905, 7, 9, '2019-07-30 00:01:26', '2019-07-30 00:01:26'),
(86, 'eligendi', 'Accusamus maiores animi eligendi qui adipisci aliquam omnis. Maiores eos et molestiae quam velit consequatur. Laboriosam eius veniam esse molestias et nihil aut. Quod ut explicabo qui atque tenetur eum perspiciatis. Cupiditate vel officiis qui qui aliquid qui dicta.', 353, 5, 29, '2019-07-30 00:01:26', '2019-07-30 00:01:26'),
(87, 'eius', 'Et vel quis modi esse fugiat fugiat est. Voluptatem unde perspiciatis sint magnam praesentium.', 525, 4, 9, '2019-07-30 00:01:26', '2019-07-30 00:01:26'),
(88, 'mollitia', 'Atque error sit quam vel harum consectetur quo. Dolore commodi recusandae dolores fuga quos voluptate. Dolorum delectus et sunt iusto dolorum.', 814, 5, 12, '2019-07-30 00:01:26', '2019-07-30 00:01:26'),
(89, 'consequatur', 'Accusantium dolores repellendus recusandae repellat et nobis quam. Temporibus exercitationem rerum minima itaque harum nesciunt. Unde fugiat omnis quis aliquid laborum. Quaerat voluptatem aliquid illum explicabo rerum.', 964, 5, 8, '2019-07-30 00:01:26', '2019-07-30 00:01:26'),
(90, 'est', 'Perspiciatis ut asperiores tenetur temporibus sit ea quibusdam. Sunt quos similique veniam sit. Aut ut totam cupiditate aut quo quia.', 101, 9, 25, '2019-07-30 00:01:27', '2019-07-30 00:01:27'),
(91, 'natus', 'Velit sunt omnis est sed id. Ad ut ut molestiae nihil pariatur facere reiciendis. Vero ut alias itaque quos.', 727, 7, 14, '2019-07-30 00:01:27', '2019-07-30 00:01:27'),
(92, 'eveniet', 'Maiores rerum nesciunt recusandae nulla et deleniti. Vel quos blanditiis unde excepturi. Id nihil explicabo ipsa dolores voluptatum consequatur. Ut rerum saepe aspernatur corrupti sunt labore pariatur ipsum.', 468, 0, 20, '2019-07-30 00:01:27', '2019-07-30 00:01:27'),
(93, 'neque', 'Et esse porro dolor et aspernatur blanditiis dolor. Porro ad cupiditate est ipsam vel error. Nam ipsam ea omnis. Ipsa qui voluptatibus et.', 923, 1, 7, '2019-07-30 00:01:27', '2019-07-30 00:01:27'),
(94, 'inventore', 'Magni dicta iusto et alias excepturi voluptatibus. Aliquam a eos quidem odit rerum consequatur. Officia ipsam ullam aut esse autem. Occaecati est animi numquam quo.', 118, 2, 30, '2019-07-30 00:01:27', '2019-07-30 00:01:27'),
(95, 'similique', 'Officiis possimus sit dolores ratione quam quia nobis. Eveniet vel recusandae voluptatem iusto omnis. Ex distinctio facere similique ipsum dolorum alias sed. Enim in consequuntur esse. Qui ut neque adipisci sunt.', 706, 5, 30, '2019-07-30 00:01:27', '2019-07-30 00:01:27'),
(96, 'aliquid', 'Qui possimus quam rerum rerum incidunt qui. Quis ut sunt corporis ut animi et enim. Eaque illum qui similique est recusandae perspiciatis blanditiis. Labore voluptatem tempore quidem molestiae. Nemo maiores dignissimos sequi optio nihil.', 662, 6, 30, '2019-07-30 00:01:28', '2019-07-30 00:01:28'),
(97, 'est', 'Et repellendus incidunt et et consectetur. Eos eos voluptas est.', 592, 8, 18, '2019-07-30 00:01:28', '2019-07-30 00:01:28'),
(98, 'voluptatem', 'Et ad molestiae neque possimus ut praesentium soluta. Maxime laboriosam cum ad quae reprehenderit. Et praesentium magnam placeat consequuntur.', 679, 5, 24, '2019-07-30 00:01:28', '2019-07-30 00:01:28'),
(99, 'architecto', 'Numquam sunt aperiam quae aut odio ea. Sit tenetur quo tenetur magnam. Aspernatur fuga error doloribus repellat soluta ducimus. Quos dolorem ea fugit atque quisquam magni.', 351, 7, 21, '2019-07-30 00:01:29', '2019-07-30 00:01:29'),
(100, 'commodi', 'Quia magnam et eum. Commodi perspiciatis et expedita quasi cum voluptatibus et.', 932, 6, 4, '2019-07-30 00:01:29', '2019-07-30 00:01:29'),
(101, 'culpa', 'Consequuntur repudiandae unde in sit vitae. Vel molestias eos omnis eum qui non at. Nihil voluptatem accusantium sed tempora. Molestias quia et eos in sed exercitationem.', 569, 9, 5, '2019-07-30 00:05:47', '2019-07-30 00:05:47'),
(102, 'eligendi', 'Consequatur quibusdam cupiditate aliquam aut adipisci illum. Velit et earum laudantium soluta ducimus.', 671, 8, 11, '2019-07-30 00:05:47', '2019-07-30 00:05:47'),
(103, 'exercitationem', 'Quas vel quod et libero consequatur et. Facere consectetur qui omnis consectetur. Aperiam consequatur veritatis dolorem sapiente odit sit vel dolores. Facilis autem qui ex animi ut cupiditate.', 523, 3, 12, '2019-07-30 00:05:49', '2019-07-30 00:05:49'),
(104, 'voluptas', 'Saepe et esse aperiam ab. Quos recusandae ullam qui qui autem aut. Quae quia sed eum iure repellendus fugit vel. Impedit dolor eum ea et et consequatur ratione voluptates. Officia odio est dolore eum odit consequatur aut nostrum.', 591, 1, 22, '2019-07-30 00:05:49', '2019-07-30 00:05:49'),
(105, 'dolorem', 'Quo quasi cumque voluptate eaque quod. Harum iusto eius dolorum expedita veniam maxime at. Corrupti sit qui maiores nesciunt quo ut dolorem. Ut quae qui ullam libero.', 343, 9, 6, '2019-07-30 00:05:50', '2019-07-30 00:05:50'),
(106, 'facilis', 'Dolorem itaque amet commodi quaerat. Illum exercitationem dicta ut fugit voluptatibus nesciunt. Distinctio quo similique in temporibus corrupti sit.', 386, 1, 13, '2019-07-30 00:05:50', '2019-07-30 00:05:50'),
(107, 'laborum', 'Deleniti quas soluta deserunt nobis sint repudiandae. Quam aut numquam esse sequi assumenda repellendus accusamus enim. Quia aut aut aut possimus. Vero illum vel voluptas expedita qui magnam.', 138, 0, 15, '2019-07-30 00:05:50', '2019-07-30 00:05:50'),
(108, 'soluta', 'Et nihil illum beatae molestias maxime repellat omnis. Ratione praesentium facere laboriosam sunt. Doloribus velit unde expedita.', 826, 3, 12, '2019-07-30 00:05:51', '2019-07-30 00:05:51'),
(109, 'fuga', 'Adipisci consequatur praesentium fugit aut ut voluptas. Autem dolores numquam ullam reprehenderit rem atque. Repudiandae voluptas quo amet voluptas sit.', 567, 2, 20, '2019-07-30 00:05:51', '2019-07-30 00:05:51'),
(110, 'eveniet', 'Omnis harum tempora voluptatem odio. Est ut ut culpa rem et.', 224, 6, 3, '2019-07-30 00:05:52', '2019-07-30 00:05:52'),
(111, 'molestias', 'Quisquam quasi illo occaecati eos. Quae fugiat sit quis quos hic. Corporis aliquid repellat eos id aliquid aliquid dolorum. Voluptatibus quis aspernatur inventore voluptate est qui ipsum non.', 658, 9, 19, '2019-07-30 00:05:52', '2019-07-30 00:05:52'),
(112, 'quas', 'Et ullam hic eum qui sunt. Sunt deleniti quisquam recusandae et sint. Aut quia id soluta veritatis qui vero. Cum ut ullam ut tempora quaerat.', 157, 5, 27, '2019-07-30 00:05:53', '2019-07-30 00:05:53'),
(113, 'dolores', 'Omnis odit temporibus modi et vero enim. Deserunt similique et recusandae facere ut minima mollitia. Pariatur id dolor ut doloremque dolorum ab.', 574, 3, 21, '2019-07-30 00:05:53', '2019-07-30 00:05:53'),
(114, 'ab', 'Hic magni sit cumque ipsam autem. Adipisci saepe officia nostrum. Ratione non ratione delectus ullam sit.', 623, 0, 9, '2019-07-30 00:05:54', '2019-07-30 00:05:54'),
(115, 'minima', 'Commodi cumque pariatur est quas quia ratione veritatis ab. Aliquam enim neque consequatur eos. Consequatur quia autem aspernatur.', 479, 6, 2, '2019-07-30 00:05:55', '2019-07-30 00:05:55'),
(116, 'excepturi', 'Eveniet accusamus assumenda ratione beatae accusamus quis labore atque. At cum aut sequi sunt et. Voluptatem fugiat magni dolorem dolor eveniet.', 125, 5, 15, '2019-07-30 00:05:55', '2019-07-30 00:05:55'),
(117, 'vel', 'Voluptate dicta itaque nisi eum quo quasi. Ipsam corporis possimus sapiente est non.', 412, 3, 22, '2019-07-30 00:05:55', '2019-07-30 00:05:55'),
(118, 'sunt', 'Quis neque eum ipsam nam et harum odio. Recusandae eligendi expedita corporis in. Tempore a nisi optio pariatur quisquam ex.', 205, 5, 7, '2019-07-30 00:05:56', '2019-07-30 00:05:56'),
(119, 'aut', 'Soluta tenetur labore tenetur est est. Quo blanditiis enim natus repellendus laborum rerum nihil. Libero omnis possimus non commodi molestiae recusandae. Iste unde recusandae distinctio ipsum.', 574, 5, 26, '2019-07-30 00:05:57', '2019-07-30 00:05:57'),
(120, 'vero', 'Et et eius eveniet et sint quod. Atque voluptas et incidunt voluptatibus ipsum et officiis.', 931, 8, 25, '2019-07-30 00:05:57', '2019-07-30 00:05:57'),
(121, 'officia', 'Necessitatibus aut nobis quia rerum. Ratione fugiat optio aliquam eos iste. Cum vel enim culpa beatae non.', 383, 0, 14, '2019-07-30 00:05:57', '2019-07-30 00:05:57'),
(122, 'dolorem', 'In aspernatur accusamus in ad nam odio. Occaecati possimus sint sapiente qui qui dignissimos. Repudiandae blanditiis molestiae quod deserunt et eum. Excepturi est est consectetur perspiciatis.', 513, 9, 15, '2019-07-30 00:05:57', '2019-07-30 00:05:57'),
(123, 'blanditiis', 'Doloremque atque maxime repudiandae. Sint et sed ipsa aut quia tempore et ex. Nesciunt sequi aut ea sapiente voluptatem. Odit illo vero cupiditate quam.', 437, 9, 2, '2019-07-30 00:05:59', '2019-07-30 00:05:59'),
(124, 'in', 'Commodi dolorem sint eius rerum. Et temporibus ducimus voluptas aut necessitatibus natus vel. Est tempora sint provident quaerat vero soluta. Ab dolores architecto eum. Et harum quam quos.', 206, 1, 10, '2019-07-30 00:05:59', '2019-07-30 00:05:59'),
(125, 'libero', 'Exercitationem nulla ut officiis beatae. Harum libero sed voluptas ut qui voluptates sint. Doloribus voluptas explicabo aliquid aut omnis amet illo.', 305, 8, 26, '2019-07-30 00:06:00', '2019-07-30 00:06:00'),
(126, 'omnis', 'Et aut deserunt beatae perferendis quas aut. Minus qui deleniti sequi porro quo incidunt ea. Doloribus necessitatibus suscipit eligendi itaque doloribus. Dolores ea est repellendus aut sequi.', 329, 6, 16, '2019-07-30 00:06:00', '2019-07-30 00:06:00'),
(127, 'dolores', 'Et et eum modi sequi voluptatum. Culpa delectus aspernatur dolores quia autem voluptatibus ad. Veniam cum quas sit harum quasi voluptatem ut.', 397, 6, 27, '2019-07-30 00:06:01', '2019-07-30 00:06:01'),
(128, 'quidem', 'Quos totam qui dolor id. Perspiciatis itaque non est. Vel voluptas ullam sed corrupti iste corrupti molestias. Ut rem autem vero perferendis et aperiam possimus.', 395, 0, 21, '2019-07-30 00:06:01', '2019-07-30 00:06:01'),
(129, 'molestiae', 'Id est repellat incidunt dolores sint velit. Soluta et cumque qui impedit nobis. Provident delectus qui expedita voluptatem quos.', 565, 2, 21, '2019-07-30 00:06:02', '2019-07-30 00:06:02'),
(130, 'necessitatibus', 'Vel est est assumenda dolor deserunt velit omnis. Blanditiis ut non sed ipsa aperiam et animi. Aut accusamus eum molestiae vitae possimus. Tempore qui dolor nemo ut consequatur totam voluptatem ratione.', 956, 0, 17, '2019-07-30 00:06:02', '2019-07-30 00:06:02'),
(131, 'vel', 'Sunt quae id veniam non. Aut rerum voluptatem ut sed.', 438, 8, 16, '2019-07-30 00:06:02', '2019-07-30 00:06:02'),
(132, 'et', 'Illum quo deleniti nulla autem minus iure porro suscipit. Voluptates tempora ratione impedit omnis. Velit autem officiis ut laboriosam architecto neque.', 223, 6, 24, '2019-07-30 00:06:03', '2019-07-30 00:06:03'),
(133, 'temporibus', 'Ea qui eaque facilis consequatur optio explicabo est. Nihil praesentium error et. Officiis tempora voluptatem cupiditate consectetur qui.', 802, 8, 19, '2019-07-30 00:06:03', '2019-07-30 00:06:03'),
(134, 'deserunt', 'Nihil voluptatem sed quos quisquam ipsam aperiam. Omnis neque inventore optio sequi tenetur ut. Voluptas eos rem quas maxime et perspiciatis.', 232, 4, 15, '2019-07-30 00:06:03', '2019-07-30 00:06:03'),
(135, 'est', 'Molestiae ab qui repellendus sunt architecto. Alias voluptas culpa assumenda necessitatibus sit. Molestiae quo voluptatum dolore ipsam.', 628, 3, 29, '2019-07-30 00:06:04', '2019-07-30 00:06:04'),
(136, 'ipsa', 'Neque eos veniam dolores dolores. Eos architecto molestias nesciunt nam dolorem dolore placeat. Ut voluptatem dolor corporis suscipit impedit minus. Odit nemo beatae non dolore.', 767, 6, 3, '2019-07-30 00:06:04', '2019-07-30 00:06:04'),
(137, 'odio', 'Et eveniet accusantium exercitationem sunt ut soluta. Unde quis est ratione beatae quidem aut.', 321, 6, 16, '2019-07-30 00:06:04', '2019-07-30 00:06:04'),
(138, 'quo', 'Quod labore vel sunt quod eligendi veritatis id. Ab debitis ut sequi laborum harum eveniet aut adipisci. Est itaque deserunt fuga eum. Alias molestiae inventore omnis laudantium rerum illum ipsum.', 854, 1, 17, '2019-07-30 00:06:05', '2019-07-30 00:06:05'),
(139, 'vel', 'Omnis velit aut repellendus nemo error ipsum aspernatur. Aliquid beatae ea aut ab.', 414, 8, 30, '2019-07-30 00:06:05', '2019-07-30 00:06:05'),
(140, 'expedita', 'Et facilis consequatur dolor excepturi consectetur deleniti harum. Earum pariatur autem dolores ea sunt quo. Illo officiis occaecati animi. Amet ipsum molestiae ad voluptatem maiores.', 350, 4, 29, '2019-07-30 00:06:07', '2019-07-30 00:06:07'),
(141, 'quis', 'Neque quae deleniti quidem ut. Perferendis dolorem dignissimos aliquam dolor ut est aut qui. Unde laboriosam ut et. Sequi et ut maxime exercitationem.', 284, 3, 16, '2019-07-30 00:06:07', '2019-07-30 00:06:07'),
(142, 'ut', 'Alias totam aspernatur dolorem sequi natus quia. Aut qui ea accusantium modi porro.', 377, 1, 12, '2019-07-30 00:06:08', '2019-07-30 00:06:08'),
(143, 'aliquid', 'Tenetur odit ratione dolorem rerum. Sed cupiditate soluta distinctio et molestias. Cumque sit ex aut quidem.', 806, 6, 24, '2019-07-30 00:06:08', '2019-07-30 00:06:08'),
(144, 'aspernatur', 'Sequi ipsam porro laboriosam velit. Quia sint earum velit ab rerum nemo est. Corporis ut eius et sit optio laborum. Ad nihil magni earum omnis voluptatibus itaque.', 835, 4, 3, '2019-07-30 00:06:09', '2019-07-30 00:06:09'),
(145, 'vitae', 'Beatae ullam omnis corrupti est fugit minus ullam. Rerum sed dolore incidunt aut illo in. Est veritatis aliquam enim. Ex qui consequatur a debitis et consectetur.', 797, 3, 15, '2019-07-30 00:06:10', '2019-07-30 00:06:10'),
(146, 'exercitationem', 'Nesciunt exercitationem corporis velit et velit consequatur. Dolores est sed sunt dolorem non sit. Et id dolore possimus deserunt quia est voluptatem.', 282, 1, 29, '2019-07-30 00:06:11', '2019-07-30 00:06:11'),
(147, 'et', 'Debitis nulla impedit blanditiis rerum qui omnis placeat. Reiciendis sit suscipit quis. Exercitationem quos et ratione sed sit consectetur voluptas. Quia delectus unde voluptas quas sed consectetur.', 206, 2, 2, '2019-07-30 00:06:13', '2019-07-30 00:06:13'),
(148, 'quia', 'Minus facilis incidunt fuga autem illum sed. Cumque necessitatibus nobis voluptatem inventore illo possimus quaerat. Impedit eos ad recusandae libero ut officia. Excepturi ab earum unde officiis iste in dicta.', 201, 4, 20, '2019-07-30 00:06:15', '2019-07-30 00:06:15'),
(149, 'vitae', 'Distinctio libero reprehenderit voluptatem ipsam labore. Asperiores placeat voluptatem molestiae iste. Nobis eveniet sapiente cum. Sapiente sed ut est sed. Quis officiis sunt dolor nemo aut.', 545, 0, 30, '2019-07-30 00:06:15', '2019-07-30 00:06:15'),
(150, 'dolores', 'Voluptatem atque maiores deleniti dolore voluptatibus qui est. Ex porro consequatur adipisci alias dolorem. Et velit dolores corporis illum.', 799, 1, 15, '2019-07-30 00:06:16', '2019-07-30 00:06:16'),
(151, 'consequuntur', 'Hic aspernatur enim laborum. Consequatur eos laboriosam voluptatem natus non iure ratione modi. Nostrum quibusdam quas illo aspernatur.', 207, 0, 23, '2019-07-30 00:10:30', '2019-07-30 00:10:30'),
(152, 'eius', 'Ut ipsum vel at cum. Vel et est aut occaecati. Repellendus est ipsum nulla sapiente a. Iure voluptatem non voluptate esse provident eum repellat odio.', 410, 0, 4, '2019-07-30 00:10:30', '2019-07-30 00:10:30'),
(153, 'alias', 'Laboriosam vero pariatur et quis nisi. Sed neque earum laudantium nobis. Cupiditate ex necessitatibus aut distinctio suscipit odit sunt.', 851, 4, 19, '2019-07-30 00:10:30', '2019-07-30 00:10:30'),
(154, 'doloremque', 'Eum molestiae voluptas repudiandae et dolore. Unde esse quis vitae rem. Voluptatem odit facere eum illo.', 635, 2, 7, '2019-07-30 00:10:31', '2019-07-30 00:10:31'),
(155, 'minima', 'Quia nihil accusantium dolores eum ipsam sunt inventore voluptatem. Quaerat ullam et neque dolorem omnis rerum ut. Voluptas molestiae sequi architecto aut.', 787, 1, 3, '2019-07-30 00:10:31', '2019-07-30 00:10:31'),
(156, 'explicabo', 'Natus recusandae rerum fugiat atque repudiandae. Voluptatem consequatur architecto sapiente earum omnis temporibus. Eos voluptatem laboriosam animi. Et necessitatibus quia qui ea reprehenderit. Amet quidem autem quidem corrupti doloribus fuga rerum.', 146, 8, 6, '2019-07-30 00:10:31', '2019-07-30 00:10:31'),
(157, 'est', 'Quo alias aut et saepe voluptatem quisquam. Aspernatur quaerat aspernatur quia in vero ipsum laudantium eos. Veritatis nihil dolorum ut cupiditate.', 858, 4, 17, '2019-07-30 00:10:31', '2019-07-30 00:10:31'),
(158, 'nemo', 'Odit facere optio sunt cumque et hic ab. Omnis dolorem beatae rem in suscipit.', 449, 3, 3, '2019-07-30 00:10:32', '2019-07-30 00:10:32'),
(159, 'delectus', 'Repudiandae amet est expedita tempore voluptas enim sunt. Quis alias autem quia enim. Autem dolores qui aspernatur voluptates soluta.', 454, 5, 4, '2019-07-30 00:10:32', '2019-07-30 00:10:32'),
(160, 'praesentium', 'Non harum non ut deleniti sequi quod nam. Placeat sit earum ut autem cupiditate magnam. Eum rerum velit beatae impedit ex eligendi.', 190, 5, 13, '2019-07-30 00:10:32', '2019-07-30 00:10:32'),
(161, 'sed', 'Sunt incidunt natus error delectus non quo quae. Quis tempora est voluptatum ea explicabo sint.', 316, 9, 3, '2019-07-30 00:10:32', '2019-07-30 00:10:32'),
(162, 'ut', 'Nobis maiores itaque consequuntur et dolore. Veritatis numquam qui aut fugit assumenda. Doloremque aliquam nulla consequatur quia itaque maxime. Minima blanditiis alias occaecati nemo est ea.', 471, 2, 29, '2019-07-30 00:10:32', '2019-07-30 00:10:32'),
(163, 'qui', 'Unde in error sed qui. Voluptatem sunt qui soluta nihil.', 712, 3, 20, '2019-07-30 00:10:33', '2019-07-30 00:10:33'),
(164, 'cumque', 'Facere illo aliquid vero unde. Voluptatum et quo qui libero. Veritatis similique voluptas non vel. Aut explicabo placeat qui ut sunt repudiandae.', 825, 9, 29, '2019-07-30 00:10:33', '2019-07-30 00:10:33'),
(165, 'maiores', 'Sunt illum illo sunt molestiae molestias deleniti. Quidem optio quis aut esse dignissimos eos sunt occaecati. Ipsum consequuntur delectus quam voluptate corporis aspernatur facere. Voluptatem consectetur rem minima.', 391, 3, 13, '2019-07-30 00:10:34', '2019-07-30 00:10:34'),
(166, 'illum', 'Deleniti sunt odit voluptate qui et quos. Et quo doloremque quos quam iure. Fugiat nihil provident corrupti mollitia facere. Aut qui porro aut fugiat aspernatur atque atque eius.', 242, 7, 24, '2019-07-30 00:10:34', '2019-07-30 00:10:34'),
(167, 'dolore', 'Consequatur neque quia inventore voluptas vel recusandae. Eos tempora qui vel recusandae dolores. Praesentium vel maiores ut optio inventore. Sint sit vero dolores ullam tempora quaerat illum ipsum.', 618, 9, 15, '2019-07-30 00:10:34', '2019-07-30 00:10:34'),
(168, 'fugit', 'Labore perferendis unde nemo laboriosam impedit. Dolore totam aut ea dolorem possimus quidem. Facere ratione aut suscipit omnis. Qui ipsam distinctio non aut fugit sed tempore. Nihil similique autem expedita dolorum quia sit.', 487, 2, 18, '2019-07-30 00:10:34', '2019-07-30 00:10:34'),
(169, 'aperiam', 'Dicta molestias omnis ad et dolorem placeat consequuntur. Rerum earum sit eius. Provident nulla sed sunt qui eaque ut. Repudiandae aut dolorem quae blanditiis.', 139, 9, 27, '2019-07-30 00:10:34', '2019-07-30 00:10:34'),
(170, 'aperiam', 'Consequatur cupiditate quas reprehenderit rerum. Voluptatem ipsum consequatur odio quo illo. Dolor et ducimus non assumenda et. Quae nihil fuga aut ut omnis non ipsum. Ipsam doloremque et qui voluptatem placeat natus.', 316, 5, 22, '2019-07-30 00:10:34', '2019-07-30 00:10:34'),
(171, 'sed', 'Quibusdam reiciendis at beatae enim dolorem voluptas. Molestiae recusandae officia eos. Explicabo veritatis vel at totam. Consequatur dicta hic recusandae inventore.', 944, 3, 21, '2019-07-30 00:10:35', '2019-07-30 00:10:35'),
(172, 'itaque', 'Ab aut ea et neque. Illo odit voluptatum qui. Id eaque eos quisquam error sed maiores possimus.', 987, 1, 17, '2019-07-30 00:10:35', '2019-07-30 00:10:35'),
(173, 'expedita', 'Odio praesentium et qui omnis ea soluta dolorum eos. Voluptatibus voluptatem quis id animi. A ipsam ratione optio at natus.', 933, 6, 24, '2019-07-30 00:10:35', '2019-07-30 00:10:35'),
(174, 'molestiae', 'Ut tempore ut quibusdam ex neque. Eos excepturi officia vel deserunt necessitatibus dicta. Magnam quidem ea delectus voluptas velit. Harum exercitationem impedit minus sunt quas.', 270, 0, 30, '2019-07-30 00:10:35', '2019-07-30 00:10:35'),
(175, 'amet', 'Doloremque sit sed cumque aut molestias. Qui eum nihil enim. Enim distinctio repudiandae sit. Sit cum quo nesciunt molestiae cumque aspernatur facere.', 951, 2, 29, '2019-07-30 00:10:35', '2019-07-30 00:10:35'),
(176, 'officiis', 'Ullam beatae voluptas aut esse sequi. A eveniet vero quaerat eius optio. Et incidunt ab earum sint aut ut quisquam. Qui et voluptatem optio eius.', 310, 1, 16, '2019-07-30 00:10:36', '2019-07-30 00:10:36'),
(177, 'eum', 'Tempore ab dolore deserunt ut pariatur. Sint est ab aut quod. Ut voluptatem est ea autem. Perferendis dignissimos voluptatem expedita temporibus molestiae. Vero commodi voluptatem ea et sint.', 169, 2, 21, '2019-07-30 00:10:36', '2019-07-30 00:10:36'),
(178, 'consectetur', 'Id exercitationem qui nostrum voluptates. Tempore commodi aspernatur ullam quo atque ipsa. Et asperiores sint occaecati in quisquam quidem aut.', 929, 7, 4, '2019-07-30 00:10:36', '2019-07-30 00:10:36'),
(179, 'sapiente', 'Natus aliquid quam animi et praesentium. Non quaerat repellat laboriosam culpa. Laborum non magnam laborum omnis corporis.', 740, 9, 18, '2019-07-30 00:10:37', '2019-07-30 00:10:37'),
(180, 'unde', 'Ut culpa similique error quia dolores. Harum rerum assumenda enim numquam corporis explicabo ad quia. Rerum illo molestiae fuga maxime quos accusamus. Rerum quae sequi officiis temporibus voluptas.', 447, 5, 28, '2019-07-30 00:10:37', '2019-07-30 00:10:37'),
(181, 'assumenda', 'Aperiam sed pariatur veritatis dolores. Hic blanditiis sunt eos vel. Sed sit repellendus expedita id sit. Cum beatae provident aut repellendus ab doloremque sunt et.', 521, 1, 22, '2019-07-30 00:10:37', '2019-07-30 00:10:37'),
(182, 'officia', 'In quia porro sit. Odio similique omnis omnis asperiores assumenda perspiciatis quam. Ut et consequuntur eius quidem quis. Sequi harum consequatur possimus sed.', 716, 0, 30, '2019-07-30 00:10:37', '2019-07-30 00:10:37'),
(183, 'doloremque', 'Non sunt possimus suscipit omnis modi minus fugit assumenda. Autem corporis occaecati possimus quis quaerat labore voluptatem sed. Est sequi eos aliquid rerum soluta.', 962, 2, 13, '2019-07-30 00:10:37', '2019-07-30 00:10:37'),
(184, 'adipisci', 'Vitae nihil delectus doloribus non. Aut repudiandae corporis qui dolorem ab. Qui officia quia nam voluptas eos.', 729, 6, 12, '2019-07-30 00:10:37', '2019-07-30 00:10:37'),
(185, 'et', 'Corrupti optio omnis ut qui quae earum. Non minima a impedit aut. Quis in facilis dignissimos omnis eius. Voluptate delectus molestiae deleniti qui illo mollitia voluptatem.', 118, 6, 3, '2019-07-30 00:10:37', '2019-07-30 00:10:37'),
(186, 'velit', 'Perspiciatis est vel rerum porro sequi. Dignissimos quas fugit voluptatem cumque. Soluta doloremque quo voluptas nihil sunt. Eum praesentium harum repellat et voluptatum sint.', 681, 0, 26, '2019-07-30 00:10:38', '2019-07-30 00:10:38'),
(187, 'aut', 'Ut distinctio eum qui quia aut et vitae error. Voluptatem aut consequatur fuga et error. Rerum omnis sit qui ipsa. Sequi ipsum temporibus at distinctio et.', 817, 0, 20, '2019-07-30 00:10:38', '2019-07-30 00:10:38'),
(188, 'est', 'In hic dignissimos voluptate corrupti. Consequatur nihil fuga commodi vitae assumenda maiores aperiam. Laborum libero veritatis est voluptas rerum doloribus. Assumenda blanditiis in velit nisi atque consequatur.', 127, 0, 6, '2019-07-30 00:10:38', '2019-07-30 00:10:38'),
(189, 'recusandae', 'Doloremque enim accusamus quis porro magnam et maiores et. Sint quidem adipisci tenetur ipsum quia dolorem tempora autem. Repellendus ipsa inventore quam fugit nihil neque. Voluptatem eveniet recusandae temporibus et et.', 445, 8, 11, '2019-07-30 00:10:38', '2019-07-30 00:10:38'),
(190, 'consequatur', 'Consectetur est et quisquam in maxime reprehenderit. Quidem autem repellat sunt tempora sint.', 492, 7, 25, '2019-07-30 00:10:39', '2019-07-30 00:10:39'),
(191, 'eaque', 'Aut sequi deserunt aperiam dolorem. Totam facilis sint autem libero autem ipsam vel iure. Sed quos animi exercitationem cum eos. Eos a nostrum eligendi non enim dignissimos itaque.', 731, 6, 13, '2019-07-30 00:10:39', '2019-07-30 00:10:39'),
(192, 'mollitia', 'Ratione ut cumque velit adipisci. Illo praesentium et et et aperiam officia sint.', 973, 8, 6, '2019-07-30 00:10:39', '2019-07-30 00:10:39'),
(193, 'nulla', 'Praesentium nihil ducimus dolorem. Quam ut commodi qui. Libero aut labore quia rerum cumque fugiat. Facere id nobis quidem temporibus magni officia. Aut suscipit et velit recusandae ea itaque in.', 120, 0, 7, '2019-07-30 00:10:39', '2019-07-30 00:10:39'),
(194, 'aut', 'Rerum ut rem est itaque eos sed. Non dignissimos et explicabo. Animi quis architecto quas soluta quam eveniet. Facilis et odit aut sit velit.', 533, 6, 24, '2019-07-30 00:10:39', '2019-07-30 00:10:39'),
(195, 'optio', 'Sunt et iure ut sint hic debitis aperiam odit. Quasi molestiae error quos rerum aperiam dolore recusandae. Molestias quisquam iusto voluptates quis excepturi. Quos et aspernatur cupiditate ut laborum est.', 674, 7, 21, '2019-07-30 00:10:40', '2019-07-30 00:10:40'),
(196, 'qui', 'Cumque qui deleniti dolorem odit. Ut minus numquam est sunt quibusdam libero error distinctio. Dignissimos velit qui vitae quisquam nam iure est. Totam magni veritatis recusandae accusantium expedita reiciendis deserunt.', 381, 2, 24, '2019-07-30 00:10:40', '2019-07-30 00:10:40'),
(197, 'ut', 'Non incidunt perferendis est omnis qui. Harum aut id sit repudiandae. Magnam reiciendis consequatur sint.', 200, 0, 8, '2019-07-30 00:10:40', '2019-07-30 00:10:40'),
(198, 'nostrum', 'Perferendis officia velit explicabo molestiae. Dolorem itaque neque velit et atque cum dolorem. Totam voluptatem illo est.', 111, 2, 18, '2019-07-30 00:10:40', '2019-07-30 00:10:40'),
(199, 'sed', 'Laboriosam nisi nisi laudantium minima corrupti eos. Iusto aliquid consequatur perspiciatis quae. Ratione exercitationem a magnam necessitatibus tempora nesciunt eaque adipisci. Corrupti reprehenderit repellendus aut voluptas alias saepe.', 580, 4, 27, '2019-07-30 00:10:40', '2019-07-30 00:10:40'),
(200, 'et', 'Aut et officia ex illum et. Atque illo sint asperiores placeat. Aliquam tempore rerum rem veritatis non est quibusdam. Tempora itaque voluptatum iste in dolorum eaque.', 518, 2, 5, '2019-07-30 00:10:41', '2019-07-30 00:10:41');

-- --------------------------------------------------------

--
-- Table structure for table `reviews`
--

CREATE TABLE `reviews` (
  `id` bigint(20) UNSIGNED NOT NULL,
  `product_id` int(10) UNSIGNED NOT NULL,
  `customer` varchar(255) COLLATE utf8mb4_unicode_ci NOT NULL,
  `review` text COLLATE utf8mb4_unicode_ci NOT NULL,
  `star` int(11) NOT NULL,
  `created_at` timestamp NULL DEFAULT NULL,
  `updated_at` timestamp NULL DEFAULT NULL
) ENGINE=InnoDB DEFAULT CHARSET=utf8mb4 COLLATE=utf8mb4_unicode_ci;

--
-- Dumping data for table `reviews`
--

INSERT INTO `reviews` (`id`, `product_id`, `customer`, `review`, `star`, `created_at`, `updated_at`) VALUES
(1, 114, 'Trevor King', 'Optio architecto ut aut officiis voluptas expedita. Nemo iure quaerat totam tempora a. Iusto asperiores enim illum omnis omnis eius provident. Reprehenderit ducimus officiis et porro possimus odit id mollitia.', 2, '2019-07-30 00:10:42', '2019-07-30 00:10:42'),
(2, 99, 'Garret Welch', 'Fugiat cumque et ad nihil voluptatum aut dolorem. Fugiat doloribus aliquid voluptas sunt ipsa. Eaque at fugit neque velit possimus minima velit doloribus. Atque praesentium sint repellendus.', 5, '2019-07-30 00:10:42', '2019-07-30 00:10:42'),
(3, 169, 'Aurore Aufderhar III', 'Tenetur at qui consequuntur ut molestiae quam. Aut voluptatibus in ex doloribus ipsum nulla. Deserunt aliquid et officia sunt vel. Enim porro sunt ipsam odio.', 5, '2019-07-30 00:10:42', '2019-07-30 00:10:42'),
(4, 165, 'Roel Skiles', 'Eum architecto esse est commodi magnam. Consequatur nam voluptatem labore quo ab enim in. Nobis est magnam est qui omnis ex. Distinctio maxime est saepe aperiam mollitia culpa.', 3, '2019-07-30 00:10:43', '2019-07-30 00:10:43'),
(5, 58, 'Marcel Cummerata', 'Rem non dolores vitae optio tempora impedit. Molestiae quia in adipisci expedita. Qui odio incidunt id quo tenetur mollitia rerum.', 1, '2019-07-30 00:10:43', '2019-07-30 00:10:43'),
(6, 108, 'Forrest Braun', 'Et ad doloribus numquam doloremque. Et excepturi est ratione nulla et voluptatibus ipsa. Quia ut ut doloremque voluptatem eos voluptate et sit. Qui accusantium suscipit at ea veritatis.', 1, '2019-07-30 00:10:43', '2019-07-30 00:10:43'),
(7, 183, 'Fernando Feest', 'Vel officiis est qui est consequatur officiis rerum. Quis distinctio autem et voluptates. Sint ut consequuntur minima eum id voluptatem ad. Sequi amet facere amet quia excepturi autem.', 0, '2019-07-30 00:10:43', '2019-07-30 00:10:43'),
(8, 99, 'Aidan Kreiger III', 'Rerum voluptatem animi fugit nemo aliquam. Minima dolor nisi voluptatem vero dolor eveniet rem. Consequuntur deserunt fugiat voluptatem et vel ratione. Impedit dolores quia ipsum eaque magnam explicabo.', 0, '2019-07-30 00:10:43', '2019-07-30 00:10:43'),
(9, 121, 'Etha Goldner', 'Saepe blanditiis sunt eum deserunt dignissimos. Perferendis sit fugit ea sit molestiae dolorum ipsam. Eius sunt pariatur dolorum non temporibus aspernatur deserunt a. Debitis corporis nam quidem at totam aut nam non.', 5, '2019-07-30 00:10:44', '2019-07-30 00:10:44'),
(10, 167, 'Tyrell Emard', 'Molestias aut adipisci sequi ab deleniti id sint. Possimus consequatur tempore quae autem. Maxime ratione voluptatem neque aut at. Maxime quia amet accusamus quibusdam dolor architecto totam.', 1, '2019-07-30 00:10:44', '2019-07-30 00:10:44'),
(11, 98, 'Mrs. Addison Johns Jr.', 'Iure soluta sapiente aut libero dolorum. Error non eaque nostrum eius soluta voluptatum. Rem voluptas sit qui aliquam aspernatur molestias. Qui omnis voluptas eveniet dolorem. Non omnis minus maxime voluptates quidem incidunt at et.', 5, '2019-07-30 00:10:44', '2019-07-30 00:10:44'),
(12, 34, 'Theodore Hauck', 'Rerum nesciunt non ut aperiam sit asperiores dolor. Sequi sit aut perspiciatis suscipit sint sit iusto. Harum fugiat enim id.', 2, '2019-07-30 00:10:44', '2019-07-30 00:10:44'),
(13, 12, 'Amara Flatley DVM', 'Ullam et tenetur et non et veritatis ea eius. Quae distinctio nobis explicabo et est inventore repellat. Sint saepe adipisci enim ab nihil. Ipsum nemo aliquam voluptas ducimus non. Dolores impedit cupiditate soluta.', 4, '2019-07-30 00:10:45', '2019-07-30 00:10:45'),
(14, 144, 'Araceli Quitzon', 'Voluptas itaque qui earum nihil ipsam. Illum impedit aut molestiae. Non eum nemo recusandae ducimus qui ut.', 0, '2019-07-30 00:10:45', '2019-07-30 00:10:45'),
(15, 142, 'Dr. Devin Kreiger I', 'Nobis est et quis alias aut ea voluptatum. Amet laborum qui totam aut. Possimus omnis eius et a.', 2, '2019-07-30 00:10:45', '2019-07-30 00:10:45'),
(16, 64, 'Mrs. Carrie Corwin', 'Nemo qui officia asperiores unde. A temporibus magnam consequatur in labore illo sed quia. Aut deserunt nemo alias libero qui itaque mollitia. Possimus fuga non quia velit accusamus.', 5, '2019-07-30 00:10:45', '2019-07-30 00:10:45'),
(17, 3, 'Hermann Luettgen', 'Ipsum qui sint delectus quis. Ut soluta eius asperiores aut dignissimos voluptatem molestias. Aspernatur dolorum nostrum iure natus nemo accusantium provident possimus.', 3, '2019-07-30 00:10:45', '2019-07-30 00:10:45'),
(18, 125, 'Timmy Kovacek', 'Inventore blanditiis ex voluptatem repellendus repellat nisi earum. Ea qui earum rem dignissimos error aut. Placeat quasi esse deleniti.', 1, '2019-07-30 00:10:45', '2019-07-30 00:10:45'),
(19, 194, 'Luciano Witting III', 'Illo at ullam praesentium est modi distinctio praesentium est. Quis doloribus beatae mollitia laborum omnis. Non odit eos nulla impedit.', 2, '2019-07-30 00:10:46', '2019-07-30 00:10:46'),
(20, 169, 'Mr. Kolby Gulgowski', 'Omnis velit et sed voluptas itaque. Rem autem tempore aut pariatur autem. Aut beatae necessitatibus accusamus magnam doloremque. Autem qui cumque temporibus nihil et distinctio.', 1, '2019-07-30 00:10:46', '2019-07-30 00:10:46'),
(21, 79, 'Aida Bergstrom', 'Animi non quia enim qui odit. Aut fugiat alias sed et numquam quia repellat. Neque atque voluptates ea delectus ab.', 5, '2019-07-30 00:10:46', '2019-07-30 00:10:46'),
(22, 112, 'Johnathan McCullough Sr.', 'Explicabo unde odio ut. Ipsam et mollitia est et eos.', 5, '2019-07-30 00:10:46', '2019-07-30 00:10:46'),
(23, 166, 'Khalid Frami IV', 'Sit maxime est veniam nobis fugit. Odio ut quibusdam occaecati voluptatem dolore molestiae et. Incidunt consequatur nobis et et aut porro.', 4, '2019-07-30 00:10:47', '2019-07-30 00:10:47'),
(24, 27, 'Alex Purdy', 'Ratione dolorum voluptatem harum eum perferendis eius. Eum qui distinctio autem id amet. Ducimus reiciendis excepturi iure odit blanditiis. Ipsum dolores eius provident beatae aspernatur delectus beatae.', 5, '2019-07-30 00:10:47', '2019-07-30 00:10:47'),
(25, 166, 'Viviane Kuhic', 'Porro eum adipisci eum. Impedit laboriosam fuga velit tempora non aspernatur. Fugit consequatur dolor saepe temporibus dolores distinctio.', 0, '2019-07-30 00:10:47', '2019-07-30 00:10:47'),
(26, 150, 'Mona Larkin', 'Labore ut odio saepe sapiente perferendis recusandae. Quia unde officiis ipsam omnis fugit aspernatur quo. Sint veniam est in. Molestiae quod rerum deleniti molestias et consequatur quod.', 3, '2019-07-30 00:10:47', '2019-07-30 00:10:47'),
(27, 19, 'Jaime Tillman', 'Quae nemo repellat quam id autem. Voluptatem quis est ullam et quasi sed eveniet. Exercitationem id magni cupiditate nobis magnam est eligendi.', 3, '2019-07-30 00:10:48', '2019-07-30 00:10:48'),
(28, 27, 'Taurean Hackett DVM', 'Non accusantium hic enim. Sint ad earum in.', 2, '2019-07-30 00:10:48', '2019-07-30 00:10:48'),
(29, 1, 'Jackie DuBuque', 'Qui ipsam nisi velit. Perferendis eius quod officia tempora itaque. Velit eius voluptas labore ut voluptates distinctio quibusdam. Sequi id nulla quam tenetur est.', 5, '2019-07-30 00:10:48', '2019-07-30 00:10:48'),
(30, 156, 'Abner Bashirian DDS', 'Nam cum ut labore. Qui voluptas doloribus sit perspiciatis iure quo qui eveniet. Ut aut iure totam nostrum aut reiciendis. Est quod optio tenetur autem quisquam autem. Et laborum ut repudiandae et et quam dolores.', 3, '2019-07-30 00:10:48', '2019-07-30 00:10:48'),
(31, 140, 'Prof. Leonel Stokes', 'Praesentium et porro voluptatem natus itaque vel dolorem. Laudantium dicta quasi atque esse iure. Iste iusto recusandae nisi enim.', 0, '2019-07-30 00:10:49', '2019-07-30 00:10:49'),
(32, 126, 'Ms. Alivia Renner', 'Ut et et ex consequatur. Iste quasi itaque sunt tempora. Et dolor dolorem ex perferendis.', 5, '2019-07-30 00:10:49', '2019-07-30 00:10:49'),
(33, 69, 'Cary Yundt', 'Blanditiis natus rem odio dolores dolores veritatis. Suscipit ratione unde in ipsum doloremque placeat debitis. Cumque est tenetur reiciendis repudiandae vel.', 5, '2019-07-30 00:10:49', '2019-07-30 00:10:49'),
(34, 184, 'Federico Kassulke', 'Dolorem voluptatem repudiandae reprehenderit quia harum qui error debitis. Velit sint et commodi provident quisquam et omnis. Voluptatem autem provident qui fuga. Optio eos quam corporis dolorum ut voluptas. Amet est voluptate voluptatem sunt repellat ut similique.', 5, '2019-07-30 00:10:50', '2019-07-30 00:10:50'),
(35, 36, 'Brady Wiza', 'Tempore deserunt cumque incidunt ut quis autem sunt. Ea aspernatur dolor asperiores sunt repellat quo. Qui ut deserunt consequuntur debitis voluptas ipsa.', 0, '2019-07-30 00:10:50', '2019-07-30 00:10:50'),
(36, 14, 'Dr. Griffin Bogan II', 'Ab incidunt natus cupiditate est eius. Distinctio in repellat laudantium. Illum nobis quibusdam quo.', 5, '2019-07-30 00:10:50', '2019-07-30 00:10:50'),
(37, 124, 'Monserrat Bins', 'Velit nihil quidem deleniti minus. Odit qui error et fuga dolores. Aspernatur numquam facilis voluptatem aut ipsam autem. Dolores ad consequatur consequuntur omnis quaerat doloribus.', 5, '2019-07-30 00:10:51', '2019-07-30 00:10:51'),
(38, 80, 'Angelita Hayes', 'Iusto magni totam qui voluptatem aspernatur. Ea quos dignissimos laborum sed consequatur. Exercitationem enim et similique dolorem sunt qui dolore. Occaecati perspiciatis optio odit.', 4, '2019-07-30 00:10:51', '2019-07-30 00:10:51'),
(39, 51, 'Esperanza Douglas', 'Beatae iure enim sed aliquam suscipit sit. Sed nostrum sunt dicta et. Unde possimus et nisi tempore est at aliquid. Sint perferendis sit rerum earum optio rerum ut.', 4, '2019-07-30 00:10:51', '2019-07-30 00:10:51'),
(40, 190, 'Roma White', 'Minima et reiciendis explicabo illo eligendi. A aut sed molestiae. Impedit ab fugit similique voluptas ut similique in laudantium. Aut consequatur excepturi cumque rerum.', 0, '2019-07-30 00:10:52', '2019-07-30 00:10:52'),
(41, 124, 'Mrs. Ashly Little', 'Sed minus sint enim voluptatibus ab. Qui temporibus nam accusamus at qui. Omnis sit doloribus minus distinctio vel eveniet inventore.', 1, '2019-07-30 00:10:52', '2019-07-30 00:10:52'),
(42, 120, 'Landen Greenholt', 'Perferendis modi dolores illo. Blanditiis et rerum in expedita magnam aut aut. Qui quibusdam enim ex. Alias cum recusandae aut ducimus pariatur velit.', 0, '2019-07-30 00:10:52', '2019-07-30 00:10:52'),
(43, 115, 'Prof. Bridgette Koepp', 'Inventore harum ipsam est sit dolorem voluptatem. Sit odit earum voluptas enim. Earum consequuntur reiciendis voluptas et excepturi quia.', 3, '2019-07-30 00:10:52', '2019-07-30 00:10:52'),
(44, 50, 'Clemens Toy', 'Maiores vel laboriosam esse laborum accusantium velit. Consequuntur modi autem unde optio. Sint qui aut voluptas molestiae voluptatibus et error. Ipsam quidem distinctio autem cumque fuga consequatur natus.', 0, '2019-07-30 00:10:53', '2019-07-30 00:10:53'),
(45, 66, 'Helen Schiller Sr.', 'Totam perspiciatis a veniam sint. Est sit sunt reprehenderit quo. In consequatur expedita dicta officia. Assumenda asperiores ad iure quibusdam ipsa.', 4, '2019-07-30 00:10:53', '2019-07-30 00:10:53'),
(46, 39, 'Jammie Aufderhar', 'Harum natus adipisci illum. Voluptatem sapiente unde sapiente. Dolore ut placeat eum sint non reiciendis.', 1, '2019-07-30 00:10:54', '2019-07-30 00:10:54'),
(47, 133, 'Kristian Corwin', 'Voluptas recusandae ad ut molestiae. Omnis ratione tempore minima sit ut. Inventore harum sed omnis sint sapiente corporis.', 0, '2019-07-30 00:10:54', '2019-07-30 00:10:54'),
(48, 149, 'Prof. Hermann Mraz', 'Quae expedita reiciendis illum est voluptas distinctio quisquam. Et quia minus cumque fuga itaque. Reprehenderit ut repellendus rerum iusto.', 3, '2019-07-30 00:10:54', '2019-07-30 00:10:54'),
(49, 138, 'Hettie Willms', 'Ut quae laborum velit ab. Aut aliquam amet consequatur. Deleniti et esse dolorum autem.', 5, '2019-07-30 00:10:54', '2019-07-30 00:10:54'),
(50, 155, 'Kristian Nolan', 'Molestiae atque ducimus expedita et molestias et dolorum cumque. Voluptatum porro minima ea rerum veritatis. Nulla aperiam qui error voluptates qui eos iste. Qui aliquam iure ad aliquam.', 4, '2019-07-30 00:10:55', '2019-07-30 00:10:55'),
(51, 142, 'Nelson Rowe', 'Aspernatur laboriosam iste fugiat omnis delectus soluta fugit. Cum dolorem ipsa ut minus et dolorem. Vel amet similique non sed.', 3, '2019-07-30 00:10:55', '2019-07-30 00:10:55'),
(52, 4, 'Dr. Jonathan Stamm', 'Esse aut quae odit et quam voluptatem. Sit rerum molestias voluptate voluptatem voluptas et quia.', 5, '2019-07-30 00:10:55', '2019-07-30 00:10:55'),
(53, 7, 'Mr. Paxton Schmeler Sr.', 'Aliquam deserunt et minima praesentium harum. Omnis eos et tempore alias adipisci optio quia. Aut ut velit dolor quia. Est architecto enim saepe voluptatibus velit corrupti minus.', 1, '2019-07-30 00:10:55', '2019-07-30 00:10:55'),
(54, 139, 'Roderick Stehr DVM', 'Soluta voluptates molestiae rem. Consequatur temporibus a cupiditate deleniti sint neque sit. Iste nesciunt aut ex facere natus voluptas. Vitae veniam aut exercitationem sit a ut ipsa.', 2, '2019-07-30 00:10:56', '2019-07-30 00:10:56'),
(55, 79, 'Theodora Wisoky IV', 'Voluptatibus explicabo repellat officia quas. A repellendus similique sapiente. Velit ipsa corporis est voluptate.', 5, '2019-07-30 00:10:56', '2019-07-30 00:10:56'),
(56, 196, 'Kailee Corwin', 'Deserunt sunt nulla accusantium magnam. Voluptatem quae et id pariatur. Voluptates doloribus porro modi doloribus consectetur amet asperiores. Iusto odit ut dolore assumenda odio ipsa.', 1, '2019-07-30 00:10:56', '2019-07-30 00:10:56'),
(57, 48, 'Ms. Hattie Skiles Jr.', 'Fugiat illo nisi voluptas consectetur provident labore quo. Veritatis quisquam sit nihil ipsam omnis mollitia. Et deleniti laudantium velit eaque et voluptatem esse. Error ullam tenetur porro voluptatum et quae ut.', 3, '2019-07-30 00:10:56', '2019-07-30 00:10:56'),
(58, 185, 'Ari Halvorson', 'Et quidem recusandae facilis iste error. Ipsa natus ut voluptates dolorem repellendus excepturi qui nobis. Esse exercitationem et et ipsum sed voluptatibus. Ex libero et rem voluptatem voluptatum nam. Molestiae aut adipisci alias in reprehenderit velit.', 5, '2019-07-30 00:10:56', '2019-07-30 00:10:56'),
(59, 139, 'Daphney Donnelly', 'Voluptas ut cumque deserunt vel ea. Non fuga tenetur commodi sed. Qui vitae laboriosam temporibus dolores. Vel qui expedita sequi officiis assumenda voluptatibus magnam.', 2, '2019-07-30 00:10:57', '2019-07-30 00:10:57'),
(60, 134, 'Prof. Candelario Gibson II', 'Officia accusamus neque ratione nesciunt. Ut odio dolorem nihil deserunt doloremque et. Quis eum voluptate minus quod voluptas.', 2, '2019-07-30 00:10:57', '2019-07-30 00:10:57'),
(61, 134, 'Derek Dietrich IV', 'Ipsa et consectetur dignissimos maiores. Occaecati ut iure quae nisi aut omnis optio. Dignissimos esse sit voluptatem quia et voluptate ipsa nam.', 4, '2019-07-30 00:10:57', '2019-07-30 00:10:57'),
(62, 111, 'Prof. Christina Dickens', 'Explicabo qui minima quidem at et qui magnam. Est praesentium ipsam quas dolore. Odit autem error maxime quo. Et ut et odio et. Voluptatem at maxime qui repudiandae et.', 0, '2019-07-30 00:10:57', '2019-07-30 00:10:57'),
(63, 159, 'Susan Botsford PhD', 'Perspiciatis velit placeat nihil. Earum non omnis laborum et aspernatur repudiandae itaque. Unde sunt voluptas ipsam ab similique quia et.', 2, '2019-07-30 00:10:57', '2019-07-30 00:10:57'),
(64, 167, 'Dulce Bauch', 'Dolor dolor veniam quasi ullam. Molestiae dolorum eum provident vero quasi sit. Veritatis quasi nobis et ut eius mollitia consequatur tempora. Explicabo est facere perspiciatis aperiam minus vel libero.', 2, '2019-07-30 00:10:58', '2019-07-30 00:10:58'),
(65, 145, 'Esteban Legros', 'Eos dicta ut ipsam voluptatem dignissimos necessitatibus fugit. Sit veritatis consequatur exercitationem temporibus molestiae voluptates dolores. Praesentium saepe odit hic sit. Dicta et qui sint accusantium modi.', 3, '2019-07-30 00:10:58', '2019-07-30 00:10:58'),
(66, 63, 'Mrs. Amiya Kuhic', 'Odit quia corporis maxime molestias. Iure nam rem eos. Voluptate illum assumenda similique a ipsam qui.', 4, '2019-07-30 00:10:58', '2019-07-30 00:10:58'),
(67, 21, 'Colleen Kirlin PhD', 'Qui ullam consequatur est asperiores. Velit aut et et.', 4, '2019-07-30 00:10:58', '2019-07-30 00:10:58'),
(68, 81, 'Prof. Abbigail Crist', 'Veritatis libero aut aut recusandae blanditiis deleniti. Maxime vel id officiis corrupti praesentium. Voluptatem et eius eos quia praesentium. Non alias quibusdam sunt dolores ut praesentium molestiae. Consectetur sequi alias deleniti inventore quia occaecati quibusdam.', 2, '2019-07-30 00:10:59', '2019-07-30 00:10:59'),
(69, 183, 'Gloria Wolf', 'Sed recusandae optio voluptas quos possimus magnam. Rerum sint nisi aut asperiores. Vitae et voluptate voluptatem quisquam eaque omnis dolorem.', 1, '2019-07-30 00:10:59', '2019-07-30 00:10:59'),
(70, 111, 'Constance Borer', 'Consequuntur explicabo veniam quia hic et. Veritatis et officiis est ab explicabo quos sit. Quis cumque modi ut non ratione eos.', 4, '2019-07-30 00:10:59', '2019-07-30 00:10:59'),
(71, 139, 'Reinhold Schmidt', 'Ut reiciendis deserunt cupiditate dolorum aut est. Quo dignissimos autem voluptatem sed consequatur et deleniti. Sequi sed laboriosam eum consequatur dolores minima autem. Nihil possimus et nam sunt autem minus non.', 1, '2019-07-30 00:10:59', '2019-07-30 00:10:59'),
(72, 111, 'Bobby Kuhlman', 'Autem dolor commodi quisquam voluptatibus consectetur. Non quis hic aut. Maiores sed quidem laborum sunt impedit ab.', 0, '2019-07-30 00:10:59', '2019-07-30 00:10:59'),
(73, 40, 'Elvie Deckow', 'Nisi explicabo eum accusamus excepturi voluptatem et. Amet expedita asperiores ad qui quia. Totam est enim et tempore. Libero est vitae ut culpa qui molestiae aut.', 3, '2019-07-30 00:11:00', '2019-07-30 00:11:00'),
(74, 83, 'Irma Mueller', 'Velit velit blanditiis asperiores molestias. Ipsum iure id aliquid sed fugiat et voluptate ut. Dolorem explicabo expedita impedit deleniti dolor consequatur facere sint.', 3, '2019-07-30 00:11:00', '2019-07-30 00:11:00'),
(75, 172, 'Vida Rice', 'Sed quis ipsum consectetur assumenda aspernatur ab. Odio expedita optio corrupti et in soluta. Quaerat officia consequatur aut fugiat inventore repellendus doloremque nam. Voluptas quisquam eaque occaecati magni quia.', 4, '2019-07-30 00:11:00', '2019-07-30 00:11:00'),
(76, 23, 'Corene Ferry', 'Dignissimos eum ullam et sit. Assumenda ut eligendi praesentium. Repellat quam expedita at ullam enim beatae rerum odit. Et dolores velit magnam totam dicta dolorem enim eos.', 0, '2019-07-30 00:11:00', '2019-07-30 00:11:00'),
(77, 88, 'Ms. Christine Spencer PhD', 'Mollitia impedit minus ratione magni doloribus quos. Corporis et eos accusamus quia ipsa. Accusantium aut debitis et labore quas minus in. Laborum enim sit voluptas incidunt sed sit.', 1, '2019-07-30 00:11:00', '2019-07-30 00:11:00'),
(78, 88, 'Terrill Hoeger', 'Sit consequatur veniam aliquid illum possimus maxime quia nemo. Voluptatibus dolor sunt iure est laudantium explicabo ad. Sed omnis eligendi consectetur.', 1, '2019-07-30 00:11:01', '2019-07-30 00:11:01'),
(79, 185, 'Mr. Jerald Dibbert', 'Omnis occaecati quod ipsa voluptatem nisi quisquam rerum asperiores. Sed rem quia et. Illum soluta rerum est libero.', 0, '2019-07-30 00:11:01', '2019-07-30 00:11:01'),
(80, 8, 'Stewart Mueller', 'Rem sed suscipit ut. Suscipit doloribus quidem eos laborum. Et et aut eius magni animi consequatur. Eos non voluptatem magni ducimus facilis nam.', 2, '2019-07-30 00:11:01', '2019-07-30 00:11:01'),
(81, 22, 'Dr. Trystan Predovic Jr.', 'Non labore laboriosam quasi animi magni. Totam et beatae sed. Unde tempora alias amet tempora nesciunt et. Sapiente qui distinctio dolorem in.', 0, '2019-07-30 00:11:01', '2019-07-30 00:11:01'),
(82, 118, 'Prof. Trenton Konopelski II', 'Alias aut qui eum corporis sit nobis qui. Commodi consequatur itaque dolor eum voluptatem. Voluptas beatae molestiae aliquid numquam voluptas perferendis.', 3, '2019-07-30 00:11:01', '2019-07-30 00:11:01'),
(83, 45, 'Ms. Clotilde Eichmann DVM', 'Quidem aut sit omnis dolores suscipit beatae sit. Accusantium sequi deserunt dolore omnis incidunt. Magnam reiciendis officia delectus a aut.', 2, '2019-07-30 00:11:02', '2019-07-30 00:11:02'),
(84, 184, 'Eliseo Emmerich', 'Reiciendis aliquid inventore quia nulla totam numquam eos. Quo ipsam architecto dicta quibusdam. Odit rem dolorem occaecati nesciunt et aliquid.', 1, '2019-07-30 00:11:02', '2019-07-30 00:11:02'),
(85, 183, 'Lorine Jacobson', 'Quia quis delectus et consequuntur voluptas voluptatem dolore. Repellendus voluptate perspiciatis officiis mollitia omnis dignissimos aut quam. Nihil aut suscipit dolor similique. Omnis non numquam voluptatem.', 2, '2019-07-30 00:11:02', '2019-07-30 00:11:02'),
(86, 84, 'Mr. Arjun Haag', 'Ab aut accusantium laboriosam dolores voluptatem repudiandae harum. Voluptatum error sint ipsam sequi. Autem reiciendis et et numquam doloribus error et.', 2, '2019-07-30 00:11:02', '2019-07-30 00:11:02'),
(87, 184, 'Ova Rath', 'Ut eligendi expedita reprehenderit. Enim ratione temporibus id nemo. Et aliquam eaque unde impedit necessitatibus porro ipsa.', 3, '2019-07-30 00:11:03', '2019-07-30 00:11:03'),
(88, 44, 'Terrance Rogahn', 'Natus aliquid ipsa exercitationem illum cum et. Eum est cupiditate quisquam et corporis. Atque quaerat minima eligendi consequatur ut non voluptate.', 1, '2019-07-30 00:11:03', '2019-07-30 00:11:03'),
(89, 32, 'Dahlia Price', 'Eaque voluptatem similique iure saepe numquam. Est officia quis rerum non in quos dolor. Qui modi et sunt sed odit voluptates velit atque. Quo nisi eum maxime est accusamus eveniet.', 1, '2019-07-30 00:11:03', '2019-07-30 00:11:03'),
(90, 48, 'Moriah Osinski MD', 'Commodi dolorem voluptatem fugiat provident voluptate. Itaque corrupti ratione praesentium distinctio eum ut vitae. Adipisci beatae atque asperiores consequatur in tenetur aut. Quam eveniet voluptatem voluptatum repudiandae sunt.', 4, '2019-07-30 00:11:03', '2019-07-30 00:11:03'),
(91, 59, 'Stephania Quigley', 'Velit nemo repellat autem reprehenderit accusantium ea. Et deserunt maiores mollitia minima vero at nihil. Libero numquam atque est excepturi velit aut aspernatur.', 3, '2019-07-30 00:11:04', '2019-07-30 00:11:04'),
(92, 38, 'Lauren Kozey', 'Commodi nisi ut delectus temporibus. Ipsa dolor quis dolorum odio perferendis maiores. Laborum aut eius vitae accusantium non. Beatae enim cupiditate deleniti et et similique nobis.', 3, '2019-07-30 00:11:04', '2019-07-30 00:11:04'),
(93, 190, 'Jedidiah Macejkovic', 'Numquam minus voluptatibus non est ea eveniet. Aut molestiae impedit repudiandae ex in non modi. Similique minus omnis magnam quisquam aut minus laboriosam modi. Vitae in qui consequatur enim.', 5, '2019-07-30 00:11:04', '2019-07-30 00:11:04'),
(94, 162, 'Breana Hyatt', 'Aut quis est est facilis quae quo. Quis ut dolor aut quam soluta facere sed. Omnis quidem veniam esse dolores voluptates dolores maiores. Unde deserunt distinctio placeat aut et voluptatem.', 4, '2019-07-30 00:11:04', '2019-07-30 00:11:04'),
(95, 17, 'Ms. Rosie Legros V', 'Praesentium et et reprehenderit ut adipisci. Nisi assumenda fuga quasi minus ab. Omnis dolores quod accusantium dolor eligendi accusantium.', 1, '2019-07-30 00:11:06', '2019-07-30 00:11:06'),
(96, 31, 'Ms. Otilia Waelchi', 'Porro quod ullam et nisi dolores rerum. Repellat iste numquam est quidem autem architecto id. Nemo est occaecati sunt reiciendis. Earum est enim nostrum consequuntur.', 3, '2019-07-30 00:11:06', '2019-07-30 00:11:06'),
(97, 23, 'Mr. Willy Franecki I', 'Minus sed sunt et et velit. Consequatur ex voluptas voluptas animi magnam.', 0, '2019-07-30 00:11:07', '2019-07-30 00:11:07'),
(98, 96, 'Regan Adams', 'Magnam est recusandae possimus qui magnam in. Expedita temporibus consequatur eaque numquam culpa quia. Qui commodi laudantium quidem ut iure fugiat minus. Autem culpa repellendus id quis nam.', 3, '2019-07-30 00:11:07', '2019-07-30 00:11:07'),
(99, 61, 'Emilio Glover', 'Atque velit qui sed. Corrupti minus illo exercitationem provident itaque soluta. Dolores sint inventore nihil veritatis enim dolores. Voluptas alias quo neque dolore aliquid cumque.', 5, '2019-07-30 00:11:07', '2019-07-30 00:11:07'),
(100, 20, 'Selmer Klein', 'Iusto voluptate ut enim error ea. Veritatis quia odit quo omnis deleniti ea omnis odit.', 0, '2019-07-30 00:11:08', '2019-07-30 00:11:08'),
(101, 65, 'Frederique Walker', 'Distinctio enim itaque tenetur officiis pariatur veniam. Qui atque eius laudantium excepturi. Dolores quibusdam error optio eos.', 4, '2019-07-30 00:11:08', '2019-07-30 00:11:08'),
(102, 93, 'Dr. Waino Rempel Sr.', 'Aliquam facilis sed impedit fugiat enim provident. Dolores sint quod ullam et aspernatur ex et.', 2, '2019-07-30 00:11:08', '2019-07-30 00:11:08'),
(103, 181, 'Dr. Raphael Crooks MD', 'Officia reprehenderit ullam ipsam dignissimos. Quia repellendus alias quo velit temporibus.', 2, '2019-07-30 00:11:08', '2019-07-30 00:11:08'),
(104, 129, 'Emil Koss', 'Necessitatibus non odio quia doloribus ex aut mollitia. Vel repudiandae corporis minima possimus consequatur a in. Ex necessitatibus eaque sint id quos sunt cupiditate.', 1, '2019-07-30 00:11:08', '2019-07-30 00:11:08'),
(105, 128, 'Deondre Oberbrunner IV', 'Quia ut aperiam sit enim voluptatem. Quos repellat quibusdam numquam ex ratione. Ab quasi accusantium vero voluptas labore.', 2, '2019-07-30 00:11:09', '2019-07-30 00:11:09'),
(106, 109, 'Mr. Leo Auer DDS', 'Vitae soluta aut rem. Veniam molestiae delectus et sunt perferendis ut et. Perspiciatis veniam et iusto debitis id. Totam qui sed occaecati delectus.', 5, '2019-07-30 00:11:09', '2019-07-30 00:11:09'),
(107, 23, 'Ms. Brielle Schulist', 'Facilis molestias blanditiis omnis dolore fugit. Minima enim atque pariatur voluptates dolorum maiores. Qui deleniti optio praesentium nihil labore maxime omnis. Sunt impedit aut tempore quos labore.', 1, '2019-07-30 00:11:10', '2019-07-30 00:11:10'),
(108, 122, 'Mara Johnson DVM', 'Quia ut labore quisquam dolorem. Aut deleniti aut alias dignissimos. Amet officia nemo reiciendis corporis. Esse aliquid velit quibusdam aut. Incidunt nisi expedita fugiat.', 2, '2019-07-30 00:11:10', '2019-07-30 00:11:10'),
(109, 2, 'Newell Leuschke Jr.', 'Necessitatibus aliquam error dolores ex voluptatem tempora est. Voluptatibus quidem fugiat tempora velit iste voluptatem. Eaque ad explicabo praesentium veritatis molestiae. Aut voluptas debitis nulla quas sequi.', 5, '2019-07-30 00:11:10', '2019-07-30 00:11:10'),
(110, 83, 'Howard Tillman', 'Eos adipisci voluptatem hic saepe. Eos illo aut non eum nam. Deserunt temporibus accusantium voluptatibus voluptatibus consequatur quos. Reiciendis est qui quia voluptatem est non architecto.', 5, '2019-07-30 00:11:10', '2019-07-30 00:11:10'),
(111, 83, 'Maci Lemke', 'Veniam voluptas ea maiores quibusdam. Ad et enim unde delectus vel veritatis. Nihil dolorem eius et qui sit quidem assumenda. Repudiandae blanditiis non aut ut odit cumque.', 2, '2019-07-30 00:11:10', '2019-07-30 00:11:10'),
(112, 30, 'Adalberto Okuneva', 'Quas deserunt saepe laboriosam doloribus est placeat similique. Voluptatem dolorem voluptatem odit et. Ut deserunt recusandae nihil rerum in pariatur omnis.', 5, '2019-07-30 00:11:11', '2019-07-30 00:11:11'),
(113, 132, 'Mr. Davion Klein IV', 'Possimus velit ipsum est et praesentium dignissimos nam. Dolor voluptatibus pariatur aut ipsa nisi temporibus. Repellendus sequi culpa doloremque recusandae non libero consequatur. Sunt minima neque molestiae totam accusantium ut.', 5, '2019-07-30 00:11:11', '2019-07-30 00:11:11'),
(114, 103, 'Candice Kihn', 'Explicabo in quia perferendis voluptatem amet assumenda. Aut occaecati ratione qui molestiae blanditiis voluptatem. Et error rem at ad.', 4, '2019-07-30 00:11:11', '2019-07-30 00:11:11'),
(115, 151, 'Willa Hilpert', 'Est adipisci amet mollitia et aliquid. Alias iusto sed laboriosam fugit nemo esse perspiciatis.', 1, '2019-07-30 00:11:11', '2019-07-30 00:11:11'),
(116, 20, 'Jaydon Schmitt MD', 'Quasi et dolor voluptatem. Sed hic aut aut. Dolorum minima et aut illo. Debitis perspiciatis molestiae nostrum autem eligendi laborum consequuntur. Ratione pariatur porro rerum officiis.', 3, '2019-07-30 00:11:11', '2019-07-30 00:11:11'),
(117, 151, 'Verdie Senger III', 'Omnis iure beatae qui omnis nihil autem nobis. Et aliquam excepturi placeat amet sequi. Voluptate ex officiis sint veniam. Commodi reprehenderit cum consequuntur saepe ullam aspernatur.', 1, '2019-07-30 00:11:12', '2019-07-30 00:11:12'),
(118, 200, 'Al Brown', 'Nihil consequatur dicta et libero officiis tempora qui. Tenetur possimus voluptatum ipsa id dolorem nulla sit.', 0, '2019-07-30 00:11:12', '2019-07-30 00:11:12'),
(119, 154, 'Nash Kassulke', 'Corporis ea iure non et vel vero excepturi. Maxime nemo itaque pariatur aut dolore modi quis nam. Quam deserunt iste minus ab nisi. Ut velit corrupti est error magni harum et.', 2, '2019-07-30 00:11:12', '2019-07-30 00:11:12'),
(120, 6, 'Breanne Hoppe', 'Impedit ipsam enim iure id et atque laboriosam. Sint ea voluptates deserunt beatae ut. Iste qui excepturi adipisci nemo dolor. Commodi omnis enim debitis doloremque veritatis. Est temporibus eligendi repellendus quo aut dolores deleniti dignissimos.', 0, '2019-07-30 00:11:12', '2019-07-30 00:11:12'),
(121, 171, 'Ms. Estefania Bruen IV', 'Sed eius aut est deserunt velit quasi. Qui numquam distinctio laudantium consequatur qui. Tempora voluptatem est sunt eos sunt.', 2, '2019-07-30 00:11:13', '2019-07-30 00:11:13'),
(122, 23, 'Eldridge Zemlak', 'Officiis omnis quia sed facilis laudantium. Eum laborum aut eum eum ut eligendi. Veniam corporis vitae aspernatur.', 5, '2019-07-30 00:11:13', '2019-07-30 00:11:13'),
(123, 174, 'Elsa Hegmann', 'Quod laboriosam reiciendis sunt. Odit assumenda unde odio.', 0, '2019-07-30 00:11:13', '2019-07-30 00:11:13'),
(124, 34, 'Jamison Halvorson', 'Aspernatur numquam ducimus aut autem dolor dolorum fuga laboriosam. Maiores nisi sunt ea est.', 4, '2019-07-30 00:11:14', '2019-07-30 00:11:14'),
(125, 69, 'Shanie Bartell', 'Perferendis distinctio dolorem sunt modi iste. Quo minima est optio itaque placeat. Sed ut sint voluptas ratione quia ut quidem. Est sed sint sed sint voluptate rerum nihil.', 0, '2019-07-30 00:11:14', '2019-07-30 00:11:14'),
(126, 68, 'Genevieve Labadie', 'Error voluptatem placeat ab quaerat quidem ducimus. Eos ipsa earum voluptas consectetur. Vel nihil qui ut voluptatem. Minus iure necessitatibus aut doloribus iure incidunt.', 3, '2019-07-30 00:11:14', '2019-07-30 00:11:14'),
(127, 56, 'Melba Beahan', 'Optio quia amet rerum aut et cumque repellat. Totam doloremque magni velit repellendus et a cupiditate. Labore quos hic odio.', 2, '2019-07-30 00:11:14', '2019-07-30 00:11:14'),
(128, 100, 'Dr. Reynold Huel', 'Minus molestiae laborum alias. Magni unde voluptatem et unde. Incidunt est possimus quo. Voluptas eveniet odit non rem.', 5, '2019-07-30 00:11:14', '2019-07-30 00:11:14'),
(129, 97, 'Berenice Waters', 'Itaque ea eius quia minus. Ex non ut sed maxime nam aliquam omnis sed. Excepturi autem et odit ut rem qui.', 3, '2019-07-30 00:11:15', '2019-07-30 00:11:15'),
(130, 81, 'Maryjane Marks', 'Dolore temporibus odio exercitationem hic sunt omnis. Ut non occaecati dolores sint earum nam. Velit non adipisci recusandae sunt sapiente et. Aut ratione numquam optio animi.', 2, '2019-07-30 00:11:15', '2019-07-30 00:11:15'),
(131, 84, 'Deron Adams IV', 'Officia doloremque et voluptas dicta in quidem eos. Molestiae quia unde sequi eius quia iste. Ut qui quibusdam atque autem facere nisi. Consequatur exercitationem aut est.', 2, '2019-07-30 00:11:15', '2019-07-30 00:11:15'),
(132, 123, 'Rosella Flatley', 'Voluptatem aliquam repellendus voluptatem perspiciatis. Sit et quas dolorum reprehenderit illo ut. Sit numquam quia facilis impedit quibusdam sed. Id aut animi consequuntur ut iusto aliquid. Et eveniet amet quis ut.', 0, '2019-07-30 00:11:15', '2019-07-30 00:11:15'),
(133, 18, 'Favian McKenzie DDS', 'Quasi illum voluptatibus qui sunt. Dolores voluptatum sed veritatis quisquam libero reiciendis est. Consequuntur quia pariatur qui et tempora voluptatum.', 5, '2019-07-30 00:11:16', '2019-07-30 00:11:16'),
(134, 117, 'Raquel Veum', 'Quia beatae eaque molestiae delectus aut expedita. Aut recusandae exercitationem porro voluptatem qui ipsam. Omnis saepe placeat dolores officiis. Ut ut quod a sit tempore necessitatibus.', 2, '2019-07-30 00:11:16', '2019-07-30 00:11:16'),
(135, 89, 'Liana Rodriguez DVM', 'Molestiae ut saepe voluptas at velit est velit. Facilis in sequi consequatur delectus rem minus quis. Ut sit doloremque molestiae perspiciatis. In dolorem rerum et qui dolores.', 1, '2019-07-30 00:11:16', '2019-07-30 00:11:16'),
(136, 148, 'Wendy Johnson', 'Perspiciatis architecto ut neque. Dolorem quia nesciunt molestiae est quod. Tenetur ipsum officia et et error minima non. Sit qui maiores explicabo.', 1, '2019-07-30 00:11:16', '2019-07-30 00:11:16'),
(137, 128, 'Maxime Maggio', 'Animi sint repudiandae tenetur saepe sit id tempora consequatur. Similique architecto itaque ex quasi et voluptas ut. Quo omnis perferendis eligendi quaerat suscipit delectus blanditiis nemo.', 5, '2019-07-30 00:11:16', '2019-07-30 00:11:16'),
(138, 78, 'Stephanie Welch II', 'Nam ipsam voluptatem accusantium deserunt officiis. Rerum in sapiente voluptatem quia non quia. Consequatur expedita quo minima quos sit at.', 5, '2019-07-30 00:11:17', '2019-07-30 00:11:17'),
(139, 11, 'Haleigh Predovic', 'Voluptatum et repudiandae porro nam unde voluptas est. Rerum incidunt nihil quos sit laboriosam rem aspernatur.', 4, '2019-07-30 00:11:17', '2019-07-30 00:11:17'),
(140, 70, 'Maryse Toy', 'Et rem culpa tempore mollitia. Quibusdam esse eum perspiciatis aut similique.', 2, '2019-07-30 00:11:17', '2019-07-30 00:11:17'),
(141, 136, 'Destany Zboncak', 'Rerum et esse delectus omnis iste magni. Sequi laudantium tempora perferendis reprehenderit molestiae ut maiores dolor. Qui tenetur ratione veritatis aut dolorem.', 1, '2019-07-30 00:11:18', '2019-07-30 00:11:18'),
(142, 123, 'Dr. Caleigh Greenfelder', 'Ut ea sed explicabo debitis quis. Reprehenderit rerum occaecati illum fuga. Sunt odio deserunt voluptates nihil magnam id unde.', 1, '2019-07-30 00:11:18', '2019-07-30 00:11:18'),
(143, 124, 'Demond Von', 'Modi sed sit sequi eveniet voluptate dolores. Atque iste dolore recusandae quis minima placeat. Maxime occaecati debitis harum. In rerum est adipisci in nesciunt pariatur.', 5, '2019-07-30 00:11:19', '2019-07-30 00:11:19'),
(144, 141, 'Ms. Desiree Lowe DDS', 'Nam quia autem sed ipsam et delectus. Eligendi debitis nobis omnis ex recusandae necessitatibus quas. Ut esse ipsam distinctio numquam et. Omnis magnam commodi sit voluptatum sit beatae sit minima.', 1, '2019-07-30 00:11:19', '2019-07-30 00:11:19'),
(145, 157, 'Loy Heidenreich', 'Consequuntur qui soluta totam corrupti ut et. Libero qui delectus officiis dolore. Ipsa nisi ea alias labore et molestiae.', 0, '2019-07-30 00:11:20', '2019-07-30 00:11:20'),
(146, 26, 'Quinten Sanford', 'Repellat praesentium beatae dolor ut consectetur. Provident consequuntur in dolor et reiciendis illum.', 4, '2019-07-30 00:11:20', '2019-07-30 00:11:20'),
(147, 72, 'Molly Hill Sr.', 'Dolores et consequatur consequatur est eum. Cupiditate consequatur veniam cupiditate quaerat dolorem dolorum id. Eveniet est ullam voluptas suscipit nihil.', 5, '2019-07-30 00:11:20', '2019-07-30 00:11:20'),
(148, 144, 'Prof. Roy Kirlin MD', 'Optio quia cumque repudiandae consectetur iure. Doloribus perferendis sed tempora qui. Placeat necessitatibus modi quaerat minus quia. Maiores beatae perferendis culpa in recusandae sunt.', 1, '2019-07-30 00:11:20', '2019-07-30 00:11:20'),
(149, 29, 'Malcolm Erdman', 'Natus eveniet rem eius. Repellat omnis ducimus deserunt repellat. Dolores sed vel ea nisi. Sunt deserunt repellendus vitae error ad vel alias.', 0, '2019-07-30 00:11:20', '2019-07-30 00:11:20'),
(150, 122, 'Jaylan Kozey', 'Ratione voluptas rerum facilis dolorum alias. Sit laudantium suscipit tenetur omnis.', 3, '2019-07-30 00:11:21', '2019-07-30 00:11:21'),
(151, 164, 'Daphney Walker', 'Facere quo fuga minus autem animi in aut natus. Magni corrupti sunt neque voluptatem quae aut. Recusandae maxime odit alias veritatis sed ea voluptatem. Quisquam quis qui inventore architecto accusantium culpa.', 0, '2019-07-30 00:11:21', '2019-07-30 00:11:21'),
(152, 28, 'Mattie Kihn', 'Consectetur distinctio vero laudantium laudantium voluptatem veritatis. Quos fuga qui dolorum dicta nulla voluptatum non. Minus voluptatem beatae et aperiam. Non voluptate sit qui nam asperiores. Autem quod laboriosam doloremque tenetur impedit omnis voluptas.', 4, '2019-07-30 00:11:21', '2019-07-30 00:11:21'),
(153, 178, 'Prof. Reilly Gusikowski I', 'Doloribus ut molestiae numquam incidunt maiores. Dolor eos voluptatem fugit eveniet consequatur soluta impedit. Eos eveniet qui quibusdam quasi ea.', 1, '2019-07-30 00:11:21', '2019-07-30 00:11:21'),
(154, 135, 'Urban Price', 'Vero dicta cumque non neque sit eveniet dolores dolor. Ad velit ex est necessitatibus et maiores. Fuga suscipit cupiditate nostrum eum aperiam quam. Velit sequi aut et officiis qui beatae.', 1, '2019-07-30 00:11:22', '2019-07-30 00:11:22'),
(155, 186, 'Zelma Haley', 'Veniam quia aut quasi aut cum sequi voluptas. Sapiente corporis et qui laudantium accusantium ea aspernatur explicabo. Facere consequatur aspernatur sequi a temporibus tempore distinctio. Est esse ratione deserunt laudantium architecto dolor.', 2, '2019-07-30 00:11:22', '2019-07-30 00:11:22'),
(156, 39, 'Joanne Armstrong', 'Et accusamus est sed ea. Dolores ratione fugiat velit vel sunt. Sit vitae harum voluptas. Magnam aliquid nam animi perferendis velit adipisci doloremque esse.', 1, '2019-07-30 00:11:24', '2019-07-30 00:11:24'),
(157, 140, 'Miss Eudora Bashirian PhD', 'Labore repellendus tenetur nostrum nostrum magnam beatae. Debitis similique rerum nemo rerum voluptas aut consequatur. Qui delectus sit corporis quia.', 3, '2019-07-30 00:11:25', '2019-07-30 00:11:25'),
(158, 26, 'Clara Emard', 'Id a voluptatibus eum. Eos pariatur ducimus amet quod. In velit commodi impedit sequi cum vitae reiciendis accusamus.', 2, '2019-07-30 00:11:25', '2019-07-30 00:11:25'),
(159, 47, 'Nathanial Balistreri', 'Inventore ipsam qui in ut aperiam ut asperiores dolore. Dolorem architecto accusamus harum eius et mollitia. Ducimus nobis quam sunt esse possimus.', 5, '2019-07-30 00:11:25', '2019-07-30 00:11:25'),
(160, 154, 'Milton Cummings II', 'Rerum illo cumque expedita. Eum ut rerum dolores sint ad aut assumenda. Voluptatum perferendis molestiae exercitationem pariatur qui. Voluptates numquam sed quo magni aut quo cupiditate.', 4, '2019-07-30 00:11:26', '2019-07-30 00:11:26'),
(161, 55, 'Derick Parker', 'Eveniet ipsa in architecto perspiciatis. Iusto possimus modi molestias explicabo aspernatur nemo fugit sint. Doloremque quisquam ut officiis omnis saepe aperiam suscipit.', 5, '2019-07-30 00:11:26', '2019-07-30 00:11:26'),
(162, 41, 'Miss Shayna Satterfield', 'Architecto quaerat cumque aperiam id. Incidunt id maxime facilis eveniet consectetur pariatur.', 2, '2019-07-30 00:11:27', '2019-07-30 00:11:27'),
(163, 36, 'Ms. Keira Abernathy', 'Et magni dolor nam magnam cumque et praesentium. Nihil architecto quisquam quia numquam quia natus.', 2, '2019-07-30 00:11:27', '2019-07-30 00:11:27'),
(164, 78, 'Milton Anderson', 'Ut quia consectetur ratione et ea eligendi ut. Aliquam consequatur inventore labore aut perspiciatis. Velit ratione provident et sit. Autem rerum nulla praesentium pariatur.', 0, '2019-07-30 00:11:28', '2019-07-30 00:11:28'),
(165, 171, 'Mikayla Wuckert DVM', 'Dolores quos ab aspernatur voluptas aliquam porro soluta. Blanditiis iure reprehenderit velit non repellat aut iusto. Quis ab deserunt ipsam. Ut quaerat earum omnis officiis aut.', 3, '2019-07-30 00:11:28', '2019-07-30 00:11:28'),
(166, 195, 'Cielo Mohr', 'Rerum odio aperiam consequatur laborum velit tempore a. Pariatur consequatur ipsam aliquam. Molestiae atque minus sapiente ipsam perferendis non voluptatum.', 2, '2019-07-30 00:11:29', '2019-07-30 00:11:29'),
(167, 90, 'Prudence Watsica', 'Et est mollitia praesentium aut perspiciatis sapiente voluptatem. Quam delectus provident rerum sunt. Sed delectus reiciendis fugiat veniam. Ratione sunt voluptatem minus enim neque. Rerum inventore aperiam inventore quia.', 1, '2019-07-30 00:11:29', '2019-07-30 00:11:29'),
(168, 85, 'Asia Nikolaus', 'Similique quos est cum quo fugit. Officiis tempora perferendis deserunt sapiente et qui voluptate. Cumque impedit itaque ut ad.', 5, '2019-07-30 00:11:30', '2019-07-30 00:11:30'),
(169, 30, 'Dana Deckow Sr.', 'Aut dolorum labore architecto accusantium. Aut quos dolor et aliquid accusantium minima optio. Sed consequatur vero ad molestiae. Sequi veritatis ea nemo sint qui dolorem eos.', 0, '2019-07-30 00:11:31', '2019-07-30 00:11:31'),
(170, 68, 'Prof. Beau Mraz', 'Non fuga illo omnis ullam aspernatur commodi aut qui. Et repellendus aut voluptatem temporibus aliquid iste deleniti. Suscipit voluptatem ipsum blanditiis eveniet sequi accusantium aut. Consequatur nulla minima repellat rerum repellendus possimus.', 4, '2019-07-30 00:11:31', '2019-07-30 00:11:31'),
(171, 64, 'Miss Mellie Bruen', 'Minima laudantium aut magni vero incidunt id inventore veniam. Odit eaque laboriosam excepturi fugit. Culpa hic corrupti sequi et. Necessitatibus ullam dolorem quaerat unde et animi a. Quo quia in quia laboriosam quaerat non unde ab.', 2, '2019-07-30 00:11:32', '2019-07-30 00:11:32'),
(172, 194, 'Travon Wiza Sr.', 'Et soluta ea perspiciatis. Deserunt velit ab vel ut ex in. Qui exercitationem vel cupiditate illo ut. Ratione excepturi molestias repellat cumque reiciendis saepe.', 4, '2019-07-30 00:11:32', '2019-07-30 00:11:32'),
(173, 179, 'Monserrat Nader', 'Voluptas sed blanditiis est deleniti pariatur earum. Veniam velit fugiat temporibus eligendi. Corrupti adipisci non consequatur quo. Reiciendis omnis reprehenderit nemo fuga.', 2, '2019-07-30 00:11:34', '2019-07-30 00:11:34'),
(174, 125, 'Earl Rolfson PhD', 'Temporibus a quisquam accusamus ut praesentium voluptatem. Accusamus voluptatibus dolores quo quis quae sint. Necessitatibus voluptas dolor totam est.', 0, '2019-07-30 00:11:34', '2019-07-30 00:11:34'),
(175, 117, 'Prof. Julianne Turcotte III', 'Non non eveniet itaque odio ex non. At inventore eos quae ad et. Quo repudiandae consequatur natus.', 1, '2019-07-30 00:11:34', '2019-07-30 00:11:34'),
(176, 77, 'Miss Kaylie Greenfelder', 'Sed ea corporis dolores rerum corporis eligendi. Quidem ut suscipit eius et cupiditate voluptas.', 4, '2019-07-30 00:11:35', '2019-07-30 00:11:35'),
(177, 47, 'Ms. Jazmyne Mayer', 'Placeat ullam natus dolore vel non. Aut ad autem dolores qui illo ratione laborum. Ea dignissimos animi totam laudantium et repudiandae ad et. Consectetur hic sed in fuga aliquid quae ad.', 0, '2019-07-30 00:11:36', '2019-07-30 00:11:36'),
(178, 170, 'Dr. Breanna Nikolaus', 'Quisquam ut dolorem minima ab. Fuga neque culpa eaque harum veritatis doloremque eos. Eligendi atque unde explicabo enim.', 4, '2019-07-30 00:11:36', '2019-07-30 00:11:36'),
(179, 145, 'Angie Wyman', 'Harum officia voluptatum quasi animi nesciunt quibusdam quis. Qui omnis earum dignissimos officia et maiores repellendus. Aliquam eligendi porro dolor assumenda ipsa.', 0, '2019-07-30 00:11:37', '2019-07-30 00:11:37'),
(180, 39, 'Cloyd Jenkins DVM', 'Qui iste voluptatem accusantium blanditiis est eos. Perspiciatis a et vel earum. Dolores velit deleniti aperiam hic omnis. Autem magni omnis quia reprehenderit.', 2, '2019-07-30 00:11:37', '2019-07-30 00:11:37'),
(181, 10, 'Carlee Hauck', 'Assumenda eos est earum est cum. Ut inventore et culpa voluptatem dolores impedit. Quidem non recusandae libero consequuntur at laudantium dolor repudiandae. Sint ut sequi laboriosam adipisci.', 5, '2019-07-30 00:11:37', '2019-07-30 00:11:37'),
(182, 25, 'Chaz Stamm', 'Et sit et iste facilis. Laudantium voluptates rerum eius molestias consequatur. Totam quibusdam quod nobis iusto rerum velit. Rerum omnis et blanditiis et aliquam nulla.', 0, '2019-07-30 00:11:38', '2019-07-30 00:11:38'),
(183, 45, 'Luis Trantow', 'Omnis aut velit omnis. Autem omnis eum sint consequatur et recusandae. Consequatur et occaecati aliquam consequatur autem magnam vitae reprehenderit. Nemo qui dolorem excepturi. Ducimus sunt doloribus quia quibusdam.', 2, '2019-07-30 00:11:38', '2019-07-30 00:11:38'),
(184, 39, 'Florine Zboncak', 'Odio sequi nulla et omnis possimus nemo neque excepturi. Velit repellendus dolorum iusto dicta. Asperiores natus cum laborum fugiat. Dolore rem quia nisi nihil.', 2, '2019-07-30 00:11:38', '2019-07-30 00:11:38'),
(185, 79, 'Oma Tromp MD', 'Iusto voluptatem quia est assumenda laudantium impedit. Sit ad perferendis consequatur minus non amet reiciendis. Libero voluptatem sint dolor modi. Eveniet harum distinctio quaerat officiis et.', 0, '2019-07-30 00:11:39', '2019-07-30 00:11:39'),
(186, 127, 'Rubie Tremblay', 'Quisquam laudantium at dolorum. Placeat voluptatem corrupti excepturi porro.', 4, '2019-07-30 00:11:39', '2019-07-30 00:11:39'),
(187, 122, 'Antonette Conn', 'Itaque quisquam unde praesentium. Suscipit et quas porro quae aliquam eligendi possimus. Aut asperiores repellendus tempora libero maiores ea. Et temporibus nobis debitis quasi velit esse.', 2, '2019-07-30 00:11:39', '2019-07-30 00:11:39'),
(188, 96, 'Karolann O\'Reilly', 'Delectus vitae ratione quisquam consequuntur facilis. Laborum beatae cum alias numquam doloremque. Quos voluptatem autem ullam suscipit mollitia. Vero laborum repellat nobis in accusamus at. Laudantium et quos totam deleniti nulla exercitationem quasi.', 5, '2019-07-30 00:11:40', '2019-07-30 00:11:40'),
(189, 63, 'Alvah Dickens', 'Sint fugiat tenetur perspiciatis alias possimus. Mollitia at commodi voluptatibus sit eveniet quo quae ab. Veniam id ut fugiat voluptate dolorem non deserunt. Alias harum odit libero enim sed aut libero.', 3, '2019-07-30 00:11:40', '2019-07-30 00:11:40'),
(190, 24, 'Boyd Oberbrunner', 'Occaecati labore exercitationem porro necessitatibus. Rerum et ad nihil quo illum. Omnis repudiandae deserunt ut eius dolor excepturi est. Neque itaque eum tempora perspiciatis.', 0, '2019-07-30 00:11:41', '2019-07-30 00:11:41'),
(191, 174, 'Thea Skiles', 'Et voluptatum et magnam possimus tenetur aut impedit. Corrupti blanditiis quos qui eligendi enim porro quam minus. Incidunt vel exercitationem odit sint odio sit doloribus autem. Exercitationem iusto debitis voluptatibus et omnis corporis.', 5, '2019-07-30 00:11:41', '2019-07-30 00:11:41'),
(192, 142, 'Vesta Cartwright', 'Qui deserunt atque omnis nihil quaerat possimus facilis. Asperiores architecto et necessitatibus aut qui. Nulla neque excepturi velit itaque illo. Id dolor molestias rem et est maiores aut.', 4, '2019-07-30 00:11:42', '2019-07-30 00:11:42'),
(193, 141, 'Breanne O\'Conner', 'Cupiditate tenetur totam aut iusto molestias. In fuga libero quo voluptatem. Deserunt omnis id sunt aut sapiente et. Dolorem fugiat voluptatem ab dolorum eos.', 2, '2019-07-30 00:11:42', '2019-07-30 00:11:42'),
(194, 9, 'Bette Rice', 'Molestiae quidem quae numquam quae cupiditate quia. Dolorem est eos id dolorem. Architecto aperiam quia culpa molestiae voluptatibus quas.', 5, '2019-07-30 00:11:42', '2019-07-30 00:11:42'),
(195, 116, 'Jaiden Haley Sr.', 'Recusandae rerum recusandae corrupti occaecati aspernatur. Qui praesentium autem doloremque ipsa. Possimus nemo consectetur eum non sit et. Quibusdam aliquam voluptatem hic tempora delectus accusantium architecto.', 4, '2019-07-30 00:11:43', '2019-07-30 00:11:43'),
(196, 179, 'Dr. Fleta Howe', 'Rerum itaque nulla voluptatem. Possimus quia consequuntur deleniti non est aut voluptates laborum. Et quos sed magni tempore aut voluptatem sunt. Et numquam pariatur fuga.', 5, '2019-07-30 00:11:43', '2019-07-30 00:11:43'),
(197, 193, 'Ena Pollich', 'Quis quasi officia et sunt voluptates cum sit. Non placeat fuga numquam consectetur hic quod. Dolores consequatur aliquam mollitia sunt. Excepturi similique quaerat rerum corporis ducimus eius.', 4, '2019-07-30 00:11:43', '2019-07-30 00:11:43'),
(198, 165, 'Tito Beahan', 'Rerum magnam architecto tenetur dolor ducimus. Velit quod dolorem ut. Quas iusto enim accusantium rerum aliquid maiores. Rerum eos quia qui.', 3, '2019-07-30 00:11:44', '2019-07-30 00:11:44'),
(199, 85, 'Dusty Padberg DVM', 'Natus ratione quaerat aut tempora. Pariatur reprehenderit temporibus libero. Et dolorum ut vitae et mollitia atque.', 5, '2019-07-30 00:11:44', '2019-07-30 00:11:44'),
(200, 44, 'Sienna O\'Conner', 'Voluptatem vitae perferendis odit aut ut. Nostrum ea consequatur cum et quos dolorem qui. Accusamus recusandae quis sit velit labore.', 3, '2019-07-30 00:11:44', '2019-07-30 00:11:44'),
(201, 161, 'Guy Ratke', 'Aut soluta vel voluptatum. Fugiat ipsa ipsa ratione sunt quos culpa expedita. Iure ipsa et aut.', 1, '2019-07-30 00:11:44', '2019-07-30 00:11:44'),
(202, 46, 'Kiel Conroy', 'Sapiente maxime tenetur delectus porro ex quia incidunt. Consequatur officiis dolore sed ullam aut. Eos consequuntur veniam molestiae iste. Aspernatur voluptatem voluptas earum consequatur repellat quo.', 5, '2019-07-30 00:11:45', '2019-07-30 00:11:45'),
(203, 17, 'Dr. Mellie Heller Sr.', 'Reiciendis voluptatem natus consequatur. Quaerat impedit excepturi consequatur enim. Modi dolores dicta sed mollitia. Quas blanditiis provident nisi voluptas quasi consequatur cupiditate. Minus consequuntur rerum eveniet neque doloribus non corrupti mollitia.', 4, '2019-07-30 00:11:45', '2019-07-30 00:11:45'),
(204, 69, 'Dr. Elliott Gleichner III', 'Corporis ea non rerum ullam modi sapiente quam. Dolorum quod ut rerum et cum. Vero sit iure nemo ab tenetur omnis est. Ipsa earum ad eos veritatis quis culpa rerum.', 2, '2019-07-30 00:11:46', '2019-07-30 00:11:46'),
(205, 131, 'Minerva Beatty PhD', 'Aut quo ad sunt labore assumenda veniam qui. Quaerat sunt perferendis sint illum nisi. Eos officiis ut dignissimos.', 5, '2019-07-30 00:11:46', '2019-07-30 00:11:46'),
(206, 1, 'Winfield Rosenbaum', 'In et ea aut non necessitatibus. Voluptas id eligendi nemo quis ipsum sunt hic. Debitis doloribus inventore ab sint aut a.', 4, '2019-07-30 00:11:46', '2019-07-30 00:11:46'),
(207, 15, 'Gust Torphy', 'Harum cumque ut voluptates aut praesentium voluptas. Non exercitationem ex qui molestiae eos perspiciatis. Quidem ad voluptatum aspernatur nihil.', 1, '2019-07-30 00:11:46', '2019-07-30 00:11:46');
INSERT INTO `reviews` (`id`, `product_id`, `customer`, `review`, `star`, `created_at`, `updated_at`) VALUES
(208, 148, 'Madyson Metz', 'In ut architecto quisquam commodi voluptatem. Voluptate et quis eos eum voluptas tempora. Ut ut fugit atque accusantium similique quis eum. Esse excepturi hic vitae repellat doloribus.', 0, '2019-07-30 00:11:46', '2019-07-30 00:11:46'),
(209, 153, 'Al Johnston IV', 'Aperiam nobis esse dignissimos quis nesciunt pariatur natus. Sit tempora non vel rem nihil. Voluptate animi mollitia animi facere assumenda.', 2, '2019-07-30 00:11:47', '2019-07-30 00:11:47'),
(210, 181, 'Modesta Leuschke DDS', 'Id non et cupiditate hic esse. Magni maxime provident est nostrum. Velit earum dolores blanditiis neque adipisci et.', 1, '2019-07-30 00:11:47', '2019-07-30 00:11:47'),
(211, 66, 'Hosea Mante', 'Ex ullam quisquam minima id qui earum expedita. Atque dolores hic et accusantium illum. Assumenda dolorum sunt illo suscipit vel.', 2, '2019-07-30 00:11:47', '2019-07-30 00:11:47'),
(212, 21, 'Rachel Schuppe IV', 'Qui eaque minus at ut iste voluptas. Aut est voluptatem ex sed quia.', 4, '2019-07-30 00:11:47', '2019-07-30 00:11:47'),
(213, 57, 'Paige Walsh', 'Odit et explicabo deleniti quaerat recusandae. Facere expedita dignissimos sed tempore eos quia. Vel aut voluptate et corrupti.', 2, '2019-07-30 00:11:47', '2019-07-30 00:11:47'),
(214, 200, 'Ms. Serenity White', 'Quaerat consectetur in dignissimos provident. Laborum laborum necessitatibus exercitationem ut sed est eos nisi. Earum molestiae esse magnam omnis voluptatibus et. Esse quia maxime et fugit voluptatem cum qui.', 1, '2019-07-30 00:11:48', '2019-07-30 00:11:48'),
(215, 43, 'Paula Kreiger', 'Facere rem exercitationem in quo eligendi velit. Nihil id qui voluptatem et consequatur pariatur. Corporis esse sed magni earum qui sunt sit.', 1, '2019-07-30 00:11:48', '2019-07-30 00:11:48'),
(216, 170, 'Miss Trycia Armstrong II', 'Et harum et non ut excepturi neque. Quam ut blanditiis ducimus quia qui ducimus reprehenderit. Magni ut repellendus quam id consequuntur et quo. Dignissimos est iste corporis in.', 1, '2019-07-30 00:11:48', '2019-07-30 00:11:48'),
(217, 39, 'Earnestine Hermann', 'Corporis assumenda occaecati ut tenetur nam cupiditate aliquam. Aliquid assumenda voluptas sit est quia sed voluptas. Vel aliquam distinctio tenetur qui voluptatibus.', 0, '2019-07-30 00:11:49', '2019-07-30 00:11:49'),
(218, 51, 'Akeem Nader II', 'Quibusdam sunt aperiam fugit expedita. Eveniet non facere et dolor et. Ut est eos similique incidunt aut qui laborum.', 3, '2019-07-30 00:11:49', '2019-07-30 00:11:49'),
(219, 154, 'Fritz Rosenbaum', 'Aspernatur vel non sed recusandae consequuntur eius natus. Nihil odit doloremque vel animi in pariatur maxime rerum. Qui incidunt ex nemo magnam. Provident non odit non dicta ipsum et fugit.', 1, '2019-07-30 00:11:49', '2019-07-30 00:11:49'),
(220, 163, 'Karli Huel', 'Dignissimos aperiam dolor voluptate. Facilis quia dicta autem repellat quia. Maxime natus sunt voluptates aut qui. Ut veritatis deleniti aut incidunt alias aliquam.', 3, '2019-07-30 00:11:50', '2019-07-30 00:11:50'),
(221, 166, 'Fernando Wilkinson', 'Ea et sit repellat itaque ipsum pariatur. Rerum vero minima aut iusto maiores. Eaque placeat maiores voluptatem maxime. Et animi beatae repellat consequuntur rerum.', 5, '2019-07-30 00:11:50', '2019-07-30 00:11:50'),
(222, 178, 'Dr. Nico Wehner', 'Et quo totam ex suscipit quis quasi. Occaecati error reiciendis doloremque et. Quae reiciendis id eos et expedita tempora sed.', 2, '2019-07-30 00:11:50', '2019-07-30 00:11:50'),
(223, 34, 'Heidi Hane', 'Deleniti aliquam laboriosam dolorem est aliquid optio. Dolores dolorem repudiandae sit distinctio consequuntur sapiente commodi. Voluptatem nisi eveniet tempora perspiciatis qui. In saepe at similique sit deleniti. Consequatur et in ut ut distinctio sint est quibusdam.', 3, '2019-07-30 00:11:50', '2019-07-30 00:11:50'),
(224, 111, 'Rey Emard I', 'Molestias harum sunt dolores repellat quis. Pariatur provident laboriosam eos accusantium nostrum velit consectetur corporis.', 2, '2019-07-30 00:11:50', '2019-07-30 00:11:50'),
(225, 43, 'Aubrey Nikolaus', 'Nihil inventore sunt possimus. Ut cumque voluptatibus ut et dolor culpa. Doloremque quo tempore voluptates maiores sequi fugit. Maiores ex eveniet doloribus sed molestias in voluptates.', 0, '2019-07-30 00:11:51', '2019-07-30 00:11:51'),
(226, 29, 'Vivianne Feil', 'Necessitatibus aspernatur dolores labore est placeat quidem et. Nam atque error fugit sit. Architecto qui aperiam rerum dolor sed iste voluptatum dolores.', 4, '2019-07-30 00:11:51', '2019-07-30 00:11:51'),
(227, 18, 'Lilliana Kris', 'Numquam quos illo tempora molestiae in. Officia corrupti sed dolor quo maiores nisi quo. Facilis aperiam assumenda asperiores quos consequuntur.', 5, '2019-07-30 00:11:51', '2019-07-30 00:11:51'),
(228, 86, 'Jordyn Wyman', 'Quisquam vel officia nemo qui omnis quod. Rerum doloremque reiciendis ut assumenda ut.', 1, '2019-07-30 00:11:51', '2019-07-30 00:11:51'),
(229, 43, 'Dr. Toy Strosin', 'Assumenda ipsam voluptatibus fugit voluptatem tempora autem non. Modi est sit et ut tenetur. Recusandae blanditiis eos perspiciatis praesentium facere molestias doloribus.', 3, '2019-07-30 00:11:52', '2019-07-30 00:11:52'),
(230, 189, 'Virgie Abbott', 'Vitae qui aut voluptas dolores. Harum quam non non illo autem. Sint iure dolor voluptate ipsum eum magnam culpa. Explicabo dolores ducimus dolorum qui. Sint sequi debitis maxime.', 2, '2019-07-30 00:11:52', '2019-07-30 00:11:52'),
(231, 131, 'Jeremie Schuster', 'Molestiae reprehenderit voluptas vel. Dolore vero ullam similique sit. Harum autem ut labore. Eaque mollitia cum et vitae aliquid nobis rem.', 4, '2019-07-30 00:11:53', '2019-07-30 00:11:53'),
(232, 149, 'Clifton Kassulke', 'Dolorum et ut cumque natus eligendi corrupti amet. Ex doloremque sunt dolores. Voluptas nihil est minus enim repudiandae quo in. Ab placeat nisi esse nobis quam ut. Impedit voluptates qui sunt ipsam aut sit quo dolorem.', 4, '2019-07-30 00:11:53', '2019-07-30 00:11:53'),
(233, 8, 'Jeffry Rath', 'Voluptatem cupiditate nisi est earum excepturi. Dolorem est rem sunt consectetur quo et. Nam explicabo doloribus accusantium velit.', 2, '2019-07-30 00:11:54', '2019-07-30 00:11:54'),
(234, 132, 'Mathilde Borer PhD', 'Totam inventore sed dolorum et labore vitae. Totam molestiae repudiandae ipsa est placeat. Maxime atque excepturi eveniet id. Laborum quasi laudantium reprehenderit repudiandae similique.', 5, '2019-07-30 00:11:57', '2019-07-30 00:11:57'),
(235, 162, 'Anne Altenwerth', 'Eos maxime adipisci cupiditate sunt placeat vitae dolorem. Quae a mollitia dolorum non. Sint natus officiis ut quae qui. Sed soluta id quasi iste molestiae ipsam officia. Natus autem aut deserunt.', 2, '2019-07-30 00:11:57', '2019-07-30 00:11:57'),
(236, 111, 'Dr. Gerhard Daniel II', 'Sit nisi dignissimos soluta. Accusantium sed dolorum repudiandae repudiandae accusamus nihil aut. Error dignissimos et sunt aut tempore. Similique voluptatem et omnis error aliquam in. Aliquam beatae placeat veniam vitae nulla architecto voluptatem necessitatibus.', 3, '2019-07-30 00:11:58', '2019-07-30 00:11:58'),
(237, 133, 'Chasity Hettinger', 'Cupiditate occaecati vero officia quidem dolores maxime. Aspernatur nihil aspernatur mollitia. Consequuntur doloremque consectetur quae necessitatibus. Vitae perferendis est dignissimos. Tempora nesciunt eum similique voluptatem qui qui corporis tempora.', 3, '2019-07-30 00:11:58', '2019-07-30 00:11:58'),
(238, 53, 'Cara Sipes DVM', 'At ut quo sint nihil. Ut commodi tempora dolor incidunt quae. Quos sit ut commodi rerum dolore eius. Quos vero deleniti delectus qui rem dicta.', 5, '2019-07-30 00:11:58', '2019-07-30 00:11:58'),
(239, 170, 'Demetris Bruen', 'Corrupti quidem pariatur doloremque consectetur. Ratione illo voluptas iusto adipisci officiis rerum et commodi. Ratione laborum dolor est quos. Nihil dolorum velit sequi sunt sed provident consequatur et.', 4, '2019-07-30 00:11:59', '2019-07-30 00:11:59'),
(240, 60, 'Alba Herzog', 'Debitis laudantium nobis numquam exercitationem voluptatum. Officiis inventore quis repudiandae. Ex vel optio magni impedit nisi animi et. Nihil velit voluptatem consequatur ea sunt porro in.', 3, '2019-07-30 00:12:00', '2019-07-30 00:12:00'),
(241, 95, 'Anya Labadie Sr.', 'Ullam enim dolorem sunt amet qui aut. Laborum molestiae quis laudantium qui aut. Vel autem consequuntur praesentium quidem quod reiciendis consequuntur. Reiciendis ut asperiores necessitatibus sit similique. Excepturi aut quod et aut mollitia.', 3, '2019-07-30 00:12:00', '2019-07-30 00:12:00'),
(242, 21, 'Charlotte Reilly', 'Illo omnis facere mollitia assumenda. Non et possimus fuga praesentium. Aut velit sunt dolores id provident.', 2, '2019-07-30 00:12:01', '2019-07-30 00:12:01'),
(243, 2, 'Maggie Dietrich', 'Sint totam quia qui sint quasi quisquam. Ut reprehenderit quis laborum ea. Ut magnam ratione incidunt est.', 4, '2019-07-30 00:12:02', '2019-07-30 00:12:02'),
(244, 124, 'Michale Bednar', 'Impedit aut tenetur et totam dolorem quia. Explicabo ut incidunt voluptatem fugiat sed non et. Necessitatibus molestiae enim ut expedita illo suscipit.', 5, '2019-07-30 00:12:02', '2019-07-30 00:12:02'),
(245, 14, 'Miss Tressie Kautzer', 'Repellendus quia iure error ullam quisquam inventore neque. Aut sunt porro quisquam reiciendis expedita. Optio cumque voluptates exercitationem nostrum modi unde aliquid. Omnis ut porro dolor ducimus.', 3, '2019-07-30 00:12:03', '2019-07-30 00:12:03'),
(246, 118, 'Kailee Hane', 'Praesentium architecto veniam non ut eos explicabo. Placeat aut ut doloribus recusandae dolores recusandae eligendi quibusdam. Sed et et eum inventore cumque. Aut expedita quis est recusandae minima veritatis nesciunt.', 2, '2019-07-30 00:12:04', '2019-07-30 00:12:04'),
(247, 86, 'Dakota Russel', 'Animi eos culpa neque nostrum. Aut illo temporibus et iste molestiae exercitationem. Odio eligendi ea suscipit harum. Illum autem temporibus delectus omnis est ut atque.', 2, '2019-07-30 00:12:05', '2019-07-30 00:12:05'),
(248, 96, 'Paul Farrell', 'Iusto maiores vero nostrum a. Eveniet labore aut iure sed possimus. Eos voluptatem voluptas impedit nostrum reprehenderit id sit. Esse in et voluptas eius.', 0, '2019-07-30 00:12:05', '2019-07-30 00:12:05'),
(249, 86, 'Magnolia Tremblay', 'Voluptatem inventore minima reiciendis voluptates et eos. Quia pariatur perferendis sint eveniet ab sed voluptatem. Ipsam aut illum quibusdam quam voluptatem odio.', 1, '2019-07-30 00:12:05', '2019-07-30 00:12:05'),
(250, 164, 'Glenda Schmeler', 'Fugiat dolorum architecto ut et omnis hic dignissimos. Itaque dolore debitis cupiditate tempora asperiores aut. Perspiciatis quod dolorem rerum nobis recusandae quo. Eius sit quos est molestias facere perspiciatis qui.', 2, '2019-07-30 00:12:06', '2019-07-30 00:12:06'),
(251, 170, 'Raymond Pfeffer', 'Eius id et atque accusantium id quia dolorum. Rerum voluptatem reprehenderit vero voluptatibus. Placeat impedit quia nisi voluptates suscipit molestiae qui.', 2, '2019-07-30 00:12:07', '2019-07-30 00:12:07'),
(252, 118, 'Darby Walter', 'Similique omnis et molestiae quod illum et aut. Voluptatum perspiciatis eius nam dignissimos minus.', 4, '2019-07-30 00:12:08', '2019-07-30 00:12:08'),
(253, 83, 'Miss Alta Casper IV', 'At laborum provident eveniet distinctio rerum quia aperiam voluptatibus. Voluptatem exercitationem atque quis aut est voluptas. Deserunt eum placeat natus aliquam. Quasi inventore quod rerum nulla nulla.', 0, '2019-07-30 00:12:09', '2019-07-30 00:12:09'),
(254, 177, 'Erica Bradtke', 'Reiciendis repellat ratione aperiam vel quam vitae tenetur est. Dolore tempore est fuga et dolores dolore doloribus. Dolor sit quasi possimus et rem consequatur explicabo.', 4, '2019-07-30 00:12:10', '2019-07-30 00:12:10'),
(255, 181, 'Mrs. Alvina Eichmann DVM', 'Eum deserunt sint aliquam. Accusamus atque et qui voluptatibus molestiae. Blanditiis et eius unde explicabo corporis dolorem. Ipsum qui ad dolores neque.', 1, '2019-07-30 00:12:11', '2019-07-30 00:12:11'),
(256, 154, 'Mr. Nikolas Simonis', 'Aliquam quis at nisi animi ut omnis autem. Et incidunt nesciunt qui molestiae. Sint facilis perspiciatis eaque. In qui corporis incidunt quidem delectus rerum nam consequatur.', 4, '2019-07-30 00:12:11', '2019-07-30 00:12:11'),
(257, 68, 'Joey Nitzsche MD', 'Autem et ut dignissimos possimus quis ipsam. Velit voluptate qui est est. Ullam ut quod et consequatur.', 5, '2019-07-30 00:12:11', '2019-07-30 00:12:11'),
(258, 109, 'Mr. Torrance Altenwerth', 'Nihil odit qui voluptatem sunt sit id amet itaque. Sed fugit reiciendis asperiores maxime architecto quasi cupiditate aspernatur.', 0, '2019-07-30 00:12:12', '2019-07-30 00:12:12'),
(259, 161, 'Raymundo Huels Sr.', 'Qui commodi omnis sed et quasi enim. Et qui repellendus sapiente non qui. Reprehenderit quae aut voluptas voluptatem. Ut sed ipsa accusamus placeat.', 3, '2019-07-30 00:12:12', '2019-07-30 00:12:12'),
(260, 180, 'Timmothy Raynor', 'Pariatur asperiores voluptas velit minus. Nihil saepe harum rerum sit repellat. Ut excepturi aut est sit magni occaecati.', 5, '2019-07-30 00:12:13', '2019-07-30 00:12:13'),
(261, 123, 'Stanley Rolfson Sr.', 'Reprehenderit sint corporis sed in illum ut. Qui laboriosam itaque incidunt dolor ut sed. Quia quo enim officiis at et praesentium molestiae qui. Aut distinctio hic eligendi rerum nostrum odio qui.', 1, '2019-07-30 00:12:14', '2019-07-30 00:12:14'),
(262, 104, 'Ms. Kenna Dicki DDS', 'Rem expedita possimus tempore. Omnis minima totam assumenda sed reiciendis minus. Sunt officia et nulla deleniti aliquid quae expedita facere.', 5, '2019-07-30 00:12:14', '2019-07-30 00:12:14'),
(263, 77, 'Adolf Robel IV', 'Placeat optio ab quia necessitatibus quae totam nihil optio. Accusantium ullam neque fuga quia itaque. Id quia ipsa possimus vitae.', 2, '2019-07-30 00:12:14', '2019-07-30 00:12:14'),
(264, 33, 'Mckenzie Stamm Sr.', 'Nostrum corrupti sit amet. Magni eum impedit aliquid molestiae. Eius suscipit cupiditate voluptatem doloribus amet libero aperiam.', 5, '2019-07-30 00:12:15', '2019-07-30 00:12:15'),
(265, 105, 'Amber Cronin', 'Aspernatur dolor ea nihil ut et quo necessitatibus. Pariatur perspiciatis nisi quidem minus. Atque aliquid quasi maiores deleniti facilis deleniti ipsum.', 2, '2019-07-30 00:12:15', '2019-07-30 00:12:15'),
(266, 39, 'Mr. Garrett Morar Jr.', 'Corporis eum ullam tenetur quia. Saepe facilis sit sit laudantium occaecati vel. Qui sunt placeat amet dolores est odio aliquam aliquam. Eaque id blanditiis est quidem expedita eos.', 2, '2019-07-30 00:12:16', '2019-07-30 00:12:16'),
(267, 134, 'Joelle Hayes', 'Aliquid impedit sequi non adipisci fugit. Qui et non facere vel totam qui officiis. Optio porro voluptatem maiores distinctio voluptas cupiditate. Unde quia quam iusto qui.', 0, '2019-07-30 00:12:16', '2019-07-30 00:12:16'),
(268, 41, 'Kiarra Raynor', 'Nostrum voluptatum ea ut est sunt est. Numquam quibusdam ut sit dolorem vel dolores eveniet. Non qui qui corrupti sint. Corporis accusantium autem quaerat excepturi.', 3, '2019-07-30 00:12:17', '2019-07-30 00:12:17'),
(269, 19, 'Adam Schaefer', 'Qui et nihil numquam magnam molestias quo. Maiores velit et optio. Minus dolores id dicta. Sint et tenetur deserunt saepe.', 5, '2019-07-30 00:12:17', '2019-07-30 00:12:17'),
(270, 183, 'Katlyn Bayer', 'At illo voluptatum odio. Qui et error distinctio quia officiis. Distinctio sit architecto magni natus enim ut possimus. Autem et a deleniti eum quibusdam.', 4, '2019-07-30 00:12:17', '2019-07-30 00:12:17'),
(271, 84, 'Keanu Borer', 'Ut tenetur aut officiis rerum. Pariatur quo omnis repellat debitis accusantium sequi. Iusto non sed et id consequuntur voluptas repellendus sed. Nemo odio commodi soluta ullam.', 5, '2019-07-30 00:12:18', '2019-07-30 00:12:18'),
(272, 111, 'Issac Cartwright', 'Veniam qui omnis accusantium pariatur voluptatem nostrum. Sequi placeat facere culpa dolorum dolorem. Repellat quos delectus voluptates rem necessitatibus quae blanditiis. Provident ipsum iure et qui.', 5, '2019-07-30 00:12:18', '2019-07-30 00:12:18'),
(273, 132, 'Miss Creola Prohaska III', 'Fugit autem et rerum ut quia assumenda. Aut soluta ab rerum ut odio sit maxime. Velit dolores explicabo ea ut atque. Consequatur provident dolores dolorem quia.', 5, '2019-07-30 00:12:19', '2019-07-30 00:12:19'),
(274, 127, 'Noelia Rowe', 'Qui hic et quisquam perspiciatis omnis. Labore sit sit aut accusantium mollitia mollitia officia. Rerum velit cumque voluptatem reiciendis pariatur.', 1, '2019-07-30 00:12:19', '2019-07-30 00:12:19'),
(275, 172, 'Miss Onie Mayer IV', 'Sint et rerum tenetur odio dolore autem. Eligendi error aliquam ut quae impedit quia beatae. Est accusantium quia harum dignissimos at laudantium. Reiciendis illo dolorum et placeat nihil maxime.', 3, '2019-07-30 00:12:19', '2019-07-30 00:12:19'),
(276, 165, 'Prof. Fleta Roberts PhD', 'Laborum quia debitis aut rerum fugiat earum. Praesentium quas similique eius in. Ea fugit odit nihil reprehenderit rerum aliquam excepturi id. At aut consequuntur ut enim sint qui repellat. Dolor voluptas est earum sed.', 4, '2019-07-30 00:12:20', '2019-07-30 00:12:20'),
(277, 198, 'Larue Crist', 'Atque saepe in cupiditate ratione quam autem ea. Eaque autem voluptatibus blanditiis suscipit perferendis ratione. Iure ab ut deserunt aperiam nemo rerum voluptate aut. Amet laborum itaque quaerat ut. Rem beatae similique explicabo ratione voluptatibus perspiciatis sed.', 1, '2019-07-30 00:12:20', '2019-07-30 00:12:20'),
(278, 88, 'Nick Bogisich', 'Aut sit et eaque. Inventore rem consectetur ut consequatur sed. Itaque laudantium blanditiis tempore quibusdam fugit. Ex odio laboriosam odit sequi error et sint qui.', 2, '2019-07-30 00:12:20', '2019-07-30 00:12:20'),
(279, 152, 'Bradford Kerluke II', 'Quisquam aspernatur laudantium iste molestiae aut placeat. Ea ut ipsam voluptas consectetur et placeat illo. Voluptatem et non voluptas quia et adipisci. Quae fuga quod aut et rem totam.', 1, '2019-07-30 00:12:20', '2019-07-30 00:12:20'),
(280, 40, 'Chaz Hettinger', 'Sed cum deleniti et dolores vel consectetur voluptatum. Ipsam quo molestiae saepe deleniti quis. Enim neque exercitationem vero laudantium aperiam doloribus. Aut at ab omnis ut aliquam.', 2, '2019-07-30 00:12:21', '2019-07-30 00:12:21'),
(281, 68, 'Donna Walter', 'Nisi aut ipsa consequatur nulla possimus sit. Odit voluptatem rem libero ut voluptas. Voluptatem autem inventore atque delectus eum. Labore voluptatem natus non tenetur.', 1, '2019-07-30 00:12:21', '2019-07-30 00:12:21'),
(282, 194, 'Estrella Cummerata', 'Eligendi sed ut sunt repudiandae aut asperiores rem harum. Qui ut dolores est sit molestias. Dolore voluptas maxime a voluptas ut porro.', 1, '2019-07-30 00:12:21', '2019-07-30 00:12:21'),
(283, 53, 'Darius Swift', 'Qui dolores est praesentium ipsam. Ad voluptas consectetur magnam alias fugiat rem iste. Qui iure occaecati necessitatibus debitis. Fugit quisquam voluptatum et aut sint nesciunt corrupti itaque.', 4, '2019-07-30 00:12:22', '2019-07-30 00:12:22'),
(284, 171, 'Lee Muller MD', 'Provident tenetur fugit earum quae quibusdam natus. Sunt facilis enim consectetur aut et amet. Aut qui et ipsam quia.', 4, '2019-07-30 00:12:22', '2019-07-30 00:12:22'),
(285, 23, 'Jazmin Hand', 'Dolor ipsum perferendis at molestiae ex et ex. Sequi iure esse impedit. Fugit magnam ut deleniti porro unde tempore.', 2, '2019-07-30 00:12:22', '2019-07-30 00:12:22'),
(286, 160, 'Letha Parisian', 'Aliquid impedit placeat dolor omnis modi. Quas sit voluptatum corporis quis minus. Explicabo temporibus quia consectetur sint ducimus sed eveniet.', 1, '2019-07-30 00:12:23', '2019-07-30 00:12:23'),
(287, 64, 'Dr. Raphaelle Langosh DVM', 'Animi qui voluptate temporibus deserunt vitae vero. Eum omnis necessitatibus et consequatur dignissimos. Ullam fugit numquam vel debitis et qui.', 2, '2019-07-30 00:12:24', '2019-07-30 00:12:24'),
(288, 4, 'Rhiannon Mayer', 'Vel assumenda cupiditate est repellat pariatur deserunt quia. Sed quo ad debitis iste earum voluptas. Praesentium sequi dolor velit ea eum ut provident. Enim consequatur quibusdam rerum id officia.', 4, '2019-07-30 00:12:24', '2019-07-30 00:12:24'),
(289, 50, 'Aubree Roob', 'Architecto et provident dolor et est officiis velit. Optio doloremque voluptas qui temporibus quam dignissimos. Sit ullam sed natus tempore.', 1, '2019-07-30 00:12:24', '2019-07-30 00:12:24'),
(290, 65, 'Prof. Gretchen Walter I', 'Animi enim error modi libero. Eius quasi odio quisquam non est. Atque qui cum est minima ipsum.', 2, '2019-07-30 00:12:25', '2019-07-30 00:12:25'),
(291, 71, 'Kyle Paucek Sr.', 'Saepe ut eligendi inventore. Aut consequuntur molestiae enim eum aperiam et voluptatibus deserunt.', 1, '2019-07-30 00:12:26', '2019-07-30 00:12:26'),
(292, 20, 'Ardith Nienow', 'Rem sed nostrum expedita repellendus mollitia. Doloribus et labore tempora ratione eos culpa. Quidem in nam impedit neque omnis aut.', 5, '2019-07-30 00:12:26', '2019-07-30 00:12:26'),
(293, 147, 'Della Stiedemann PhD', 'Ut molestias quidem recusandae non quasi vel modi veritatis. Est dolor maxime quasi atque accusamus quia voluptates. Omnis quod aut alias excepturi quod et.', 0, '2019-07-30 00:12:26', '2019-07-30 00:12:26'),
(294, 113, 'Loren Dickinson', 'Magni qui aut minus nam eveniet consequuntur tenetur. A pariatur facere officiis suscipit inventore. Quam dolores repellendus magnam facere rerum sed excepturi.', 1, '2019-07-30 00:12:27', '2019-07-30 00:12:27'),
(295, 170, 'Ebba Kautzer', 'Ut nisi quo vitae animi veritatis. Asperiores aut excepturi voluptatibus voluptas labore. Eaque autem iste excepturi porro nesciunt consequatur.', 3, '2019-07-30 00:12:27', '2019-07-30 00:12:27'),
(296, 27, 'Bulah Little', 'Molestiae est nemo et. Nemo sapiente et minima quo et maiores. Voluptas sequi maiores qui blanditiis voluptatem. Esse ullam dolor repellat maxime quo animi.', 4, '2019-07-30 00:12:27', '2019-07-30 00:12:27'),
(297, 167, 'Dr. Dario Orn', 'Totam voluptas sit qui molestiae veniam qui temporibus. Assumenda quos omnis consectetur adipisci ut dolor ad. Neque dicta voluptatem magnam et perferendis provident voluptates ipsam. Incidunt ut amet sunt dolorum omnis officiis.', 2, '2019-07-30 00:12:27', '2019-07-30 00:12:27'),
(298, 197, 'Tyreek Senger', 'Laudantium tenetur aliquam temporibus dolor corrupti hic reprehenderit. Est consequuntur saepe delectus dolore distinctio et. Fuga consequuntur repellendus odio omnis qui voluptatem possimus. In molestiae in illo id repellat debitis dolorem.', 0, '2019-07-30 00:12:28', '2019-07-30 00:12:28'),
(299, 125, 'Gus Nolan', 'Quo illum minus blanditiis officia. Ipsum consequuntur ea omnis est nobis deserunt. Nesciunt quia dignissimos sit dolor dolore. Inventore earum iusto eum et.', 3, '2019-07-30 00:12:28', '2019-07-30 00:12:28'),
(300, 117, 'Jamie Littel', 'Quisquam et nam aut dolor. Pariatur consequatur saepe sit expedita dolorem eaque. Recusandae aperiam aut dicta temporibus earum consequatur laudantium.', 0, '2019-07-30 00:12:29', '2019-07-30 00:12:29');

-- --------------------------------------------------------

--
-- Table structure for table `users`
--

CREATE TABLE `users` (
  `id` bigint(20) UNSIGNED NOT NULL,
  `name` varchar(255) COLLATE utf8mb4_unicode_ci NOT NULL,
  `email` varchar(255) COLLATE utf8mb4_unicode_ci NOT NULL,
  `email_verified_at` timestamp NULL DEFAULT NULL,
  `password` varchar(255) COLLATE utf8mb4_unicode_ci NOT NULL,
  `remember_token` varchar(100) COLLATE utf8mb4_unicode_ci DEFAULT NULL,
  `created_at` timestamp NULL DEFAULT NULL,
  `updated_at` timestamp NULL DEFAULT NULL
) ENGINE=InnoDB DEFAULT CHARSET=utf8mb4 COLLATE=utf8mb4_unicode_ci;

--
-- Indexes for dumped tables
--

--
-- Indexes for table `migrations`
--
ALTER TABLE `migrations`
  ADD PRIMARY KEY (`id`);

--
-- Indexes for table `password_resets`
--
ALTER TABLE `password_resets`
  ADD KEY `password_resets_email_index` (`email`);

--
-- Indexes for table `products`
--
ALTER TABLE `products`
  ADD PRIMARY KEY (`id`);

--
-- Indexes for table `reviews`
--
ALTER TABLE `reviews`
  ADD PRIMARY KEY (`id`),
  ADD KEY `reviews_product_id_index` (`product_id`);

--
-- Indexes for table `users`
--
ALTER TABLE `users`
  ADD PRIMARY KEY (`id`),
  ADD UNIQUE KEY `users_email_unique` (`email`);

--
-- AUTO_INCREMENT for dumped tables
--

--
-- AUTO_INCREMENT for table `migrations`
--
ALTER TABLE `migrations`
  MODIFY `id` int(10) UNSIGNED NOT NULL AUTO_INCREMENT, AUTO_INCREMENT=7;

--
-- AUTO_INCREMENT for table `products`
--
ALTER TABLE `products`
  MODIFY `id` int(10) UNSIGNED NOT NULL AUTO_INCREMENT, AUTO_INCREMENT=201;

--
-- AUTO_INCREMENT for table `reviews`
--
ALTER TABLE `reviews`
  MODIFY `id` bigint(20) UNSIGNED NOT NULL AUTO_INCREMENT, AUTO_INCREMENT=301;

--
-- AUTO_INCREMENT for table `users`
--
ALTER TABLE `users`
  MODIFY `id` bigint(20) UNSIGNED NOT NULL AUTO_INCREMENT;

--
-- Constraints for dumped tables
--

--
-- Constraints for table `reviews`
--
ALTER TABLE `reviews`
  ADD CONSTRAINT `reviews_product_id_foreign` FOREIGN KEY (`product_id`) REFERENCES `products` (`id`) ON DELETE CASCADE;
COMMIT;

/*!40101 SET CHARACTER_SET_CLIENT=@OLD_CHARACTER_SET_CLIENT */;
/*!40101 SET CHARACTER_SET_RESULTS=@OLD_CHARACTER_SET_RESULTS */;
/*!40101 SET COLLATION_CONNECTION=@OLD_COLLATION_CONNECTION */;
